Instance,IsCarbonAware,SlackCoeff,Homogen_MaxMakeSpan,Heterogen_MaxMakeSpan
0,True,1.0,115,105.0
1,True,1.0,134,102.0
2,True,1.0,116,104.0
3,True,1.0,100,95.0
4,True,1.0,74,70.0
5,True,1.0,120,108.0
6,True,1.0,130,117.0
7,True,1.0,151,117.0
8,True,1.0,124,108.0
9,True,1.0,110,100.0
10,True,1.0,132,111.0
11,True,1.0,123,106.0
12,True,1.0,139,117.0
13,True,1.0,127,112.0
14,True,1.0,112,101.0
15,True,1.0,136,106.0
16,True,1.0,104,102.0
17,True,1.0,152,123.0
18,True,1.0,139,105.0
19,True,1.0,132,100.0
20,True,1.0,115,102.0
21,True,1.0,111,99.0
22,True,1.0,113,111.0
23,True,1.0,95,86.0
24,True,1.0,117,105.0
25,True,1.0,109,98.0
26,True,1.0,116,105.0
27,True,1.0,110,100.0
28,True,1.0,144,117.0
29,True,1.0,103,83.0
30,True,1.0,104,94.0
31,True,1.0,104,89.0
32,True,1.0,136,110.0
33,True,1.0,117,106.0
34,True,1.0,107,103.0
35,True,1.0,150,118.0
36,True,1.0,101,98.0
37,True,1.0,106,99.0
38,True,1.0,109,98.0
39,True,1.0,99,93.0
40,True,1.0,146,118.0
41,True,1.0,112,102.0
42,True,1.0,160,128.0
43,True,1.0,103,94.0
44,True,1.0,103,96.0
45,True,1.0,121,111.0
46,True,1.0,115,100.0
47,True,1.0,127,109.0
48,True,1.0,114,107.0
49,True,1.0,132,114.0
50,True,1.0,125,93.0
51,True,1.0,108,98.0
52,True,1.0,111,104.0
53,True,1.0,161,119.0
54,True,1.0,109,99.0
55,True,1.0,109,105.0
56,True,1.0,149,121.0
57,True,1.0,113,99.0
58,True,1.0,116,113.0
59,True,1.0,106,95.0
60,True,1.0,108,102.0
61,True,1.0,111,101.0
62,True,1.0,95,91.0
63,True,1.0,154,122.0
64,True,1.0,123,106.0
65,True,1.0,117,98.0
66,True,1.0,131,115.0
67,True,1.0,153,117.0
68,True,1.0,110,102.0
69,True,1.0,153,109.0
70,True,1.0,104,98.0
71,True,1.0,108,99.0
72,True,1.0,142,119.0
73,True,1.0,115,101.0
74,True,1.0,124,106.0
75,True,1.0,126,111.0
76,True,1.0,100,93.0
77,True,1.0,128,113.0
78,True,1.0,110,98.0
79,True,1.0,99,94.0
80,True,1.0,116,104.0
81,True,1.0,132,112.0
82,True,1.0,123,113.0
83,True,1.0,124,98.0
84,True,1.0,126,102.0
85,True,1.0,128,112.0
86,True,1.0,119,107.0
87,True,1.0,112,96.0
88,True,1.0,127,109.0
89,True,1.0,134,114.0
90,True,1.0,111,100.0
91,True,1.0,140,109.0
92,True,1.0,150,124.0
93,True,1.0,129,117.0
94,True,1.0,115,108.0
95,True,1.0,113,95.0
96,True,1.0,109,100.0
97,True,1.0,101,91.0
98,True,1.0,85,82.0
99,True,1.0,108,98.0
100,True,1.0,122,110.0
101,True,1.0,150,123.0
102,True,1.0,99,90.0
103,True,1.0,101,95.0
104,True,1.0,147,119.0
105,True,1.0,110,100.0
106,True,1.0,143,108.0
107,True,1.0,108,98.0
108,True,1.0,112,104.0
109,True,1.0,111,103.0
110,True,1.0,131,108.0
111,True,1.0,122,108.0
112,True,1.0,106,98.0
113,True,1.0,94,89.0
114,True,1.0,98,95.0
115,True,1.0,118,105.0
116,True,1.0,105,98.0
117,True,1.0,186,135.0
118,True,1.0,128,109.0
119,True,1.0,135,116.0
120,True,1.0,107,99.0
121,True,1.0,106,95.0
122,True,1.0,100,96.0
123,True,1.0,125,116.0
124,True,1.0,96,85.0
125,True,1.0,111,103.0
126,True,1.0,123,114.0
127,True,1.0,136,115.0
128,True,1.0,123,112.0
129,True,1.0,109,99.0
130,True,1.0,125,100.0
131,True,1.0,119,103.0
132,True,1.0,152,117.0
133,True,1.0,153,117.0
134,True,1.0,104,97.0
135,True,1.0,154,120.0
136,True,1.0,116,111.0
137,True,1.0,121,110.0
138,True,1.0,110,103.0
139,True,1.0,129,114.0
140,True,1.0,111,89.0
141,True,1.0,113,105.0
142,True,1.0,112,100.0
143,True,1.0,146,121.0
144,True,1.0,117,98.0
145,True,1.0,122,105.0
146,True,1.0,107,88.0
147,True,1.0,175,136.0
148,True,1.0,102,96.0
149,True,1.0,128,95.0
150,True,1.0,112,98.0
151,True,1.0,110,97.0
152,True,1.0,121,99.0
153,True,1.0,116,101.0
154,True,1.0,83,79.0
155,True,1.0,123,105.0
156,True,1.0,117,106.0
157,True,1.0,147,117.0
158,True,1.0,100,98.0
159,True,1.0,115,108.0
160,True,1.0,114,105.0
161,True,1.0,112,105.0
162,True,1.0,120,108.0
163,True,1.0,115,107.0
164,True,1.0,115,106.0
165,True,1.0,108,100.0
166,True,1.0,110,100.0
167,True,1.0,155,117.0
168,True,1.0,124,116.0
169,True,1.0,110,95.0
170,True,1.0,113,104.0
171,True,1.0,132,113.0
172,True,1.0,108,99.0
173,True,1.0,134,111.0
174,True,1.0,104,100.0
175,True,1.0,115,100.0
176,True,1.0,114,105.0
177,True,1.0,113,103.0
178,True,1.0,116,106.0
179,True,1.0,124,108.0
180,True,1.0,110,100.0
181,True,1.0,147,114.0
182,True,1.0,102,93.0
183,True,1.0,121,107.0
184,True,1.0,99,95.0
185,True,1.0,111,109.0
186,True,1.0,89,86.0
187,True,1.0,112,92.0
188,True,1.0,123,
189,True,1.0,108,99.0
190,True,1.0,128,110.0
191,True,1.0,120,106.0
192,True,1.0,122,108.0
193,True,1.0,113,103.0
194,True,1.0,111,102.0
195,True,1.0,125,112.0
196,True,1.0,113,104.0
197,True,1.0,103,97.0
198,True,1.0,98,81.0
199,True,1.0,124,110.0
200,True,1.0,150,120.0
201,True,1.0,114,103.0
202,True,1.0,105,97.0
203,True,1.0,109,93.0
204,True,1.0,108,99.0
205,True,1.0,99,82.0
206,True,1.0,107,86.0
207,True,1.0,130,111.0
208,True,1.0,110,103.0
209,True,1.0,117,100.0
210,True,1.0,185,134.0
211,True,1.0,113,110.0
212,True,1.0,100,97.0
213,True,1.0,123,105.0
214,True,1.0,114,98.0
215,True,1.0,120,112.0
216,True,1.0,110,101.0
217,True,1.0,113,105.0
218,True,1.0,101,85.0
219,True,1.0,103,89.0
220,True,1.0,150,124.0
221,True,1.0,123,108.0
222,True,1.0,110,94.0
223,True,1.0,117,107.0
224,True,1.0,130,112.0
225,True,1.0,126,103.0
226,True,1.0,116,100.0
227,True,1.0,107,99.0
228,True,1.0,136,102.0
229,True,1.0,128,111.0
230,True,1.0,106,101.0
231,True,1.0,107,100.0
232,True,1.0,130,111.0
233,True,1.0,117,105.0
234,True,1.0,95,90.0
235,True,1.0,129,111.0
236,True,1.0,100,93.0
237,True,1.0,115,103.0
238,True,1.0,123,108.0
239,True,1.0,100,87.0
240,True,1.0,120,103.0
241,True,1.0,112,103.0
242,True,1.0,155,119.0
243,True,1.0,128,110.0
244,True,1.0,104,99.0
245,True,1.0,102,97.0
246,True,1.0,121,110.0
247,True,1.0,83,71.0
248,True,1.0,114,108.0
249,True,1.0,131,
250,True,1.0,116,97.0
251,True,1.0,113,102.0
252,True,1.0,155,125.0
253,True,1.0,104,96.0
254,True,1.0,116,107.0
255,True,1.0,108,87.0
256,True,1.0,114,104.0
257,True,1.0,107,100.0
258,True,1.0,104,99.0
259,True,1.0,117,108.0
260,True,1.0,123,112.0
261,True,1.0,142,117.0
262,True,1.0,123,107.0
263,True,1.0,135,114.0
264,True,1.0,106,101.0
265,True,1.0,123,108.0
266,True,1.0,113,100.0
267,True,1.0,101,99.0
268,True,1.0,138,116.0
269,True,1.0,137,111.0
270,True,1.0,151,124.0
271,True,1.0,127,110.0
272,True,1.0,124,103.0
273,True,1.0,117,106.0
274,True,1.0,106,90.0
275,True,1.0,123,114.0
276,True,1.0,100,99.0
277,True,1.0,100,92.0
278,True,1.0,119,106.0
279,True,1.0,131,114.0
280,True,1.0,150,118.0
281,True,1.0,84,76.0
282,True,1.0,111,103.0
283,True,1.0,132,112.0
284,True,1.0,145,117.0
285,True,1.0,116,106.0
286,True,1.0,115,107.0
287,True,1.0,122,107.0
288,True,1.0,112,106.0
289,True,1.0,103,92.0
290,True,1.0,116,106.0
291,True,1.0,128,112.0
292,True,1.0,87,78.0
293,True,1.0,135,115.0
294,True,1.0,108,99.0
295,True,1.0,109,104.0
296,True,1.0,105,92.0
297,True,1.0,111,102.0
298,True,1.0,135,110.0
299,True,1.0,106,102.0
300,True,1.0,119,105.0
301,True,1.0,110,98.0
302,True,1.0,128,113.0
303,True,1.0,147,120.0
304,True,1.0,104,96.0
305,True,1.0,104,90.0
306,True,1.0,142,113.0
307,True,1.0,125,105.0
308,True,1.0,106,102.0
309,True,1.0,155,123.0
310,True,1.0,123,104.0
311,True,1.0,129,111.0
312,True,1.0,133,114.0
313,True,1.0,105,96.0
314,True,1.0,137,112.0
315,True,1.0,132,106.0
316,True,1.0,112,103.0
317,True,1.0,135,113.0
318,True,1.0,113,99.0
319,True,1.0,104,96.0
320,True,1.0,120,107.0
321,True,1.0,123,96.0
322,True,1.0,102,88.0
323,True,1.0,191,140.0
324,True,1.0,120,105.0
325,True,1.0,109,91.0
326,True,1.0,110,104.0
327,True,1.0,130,113.0
328,True,1.0,115,101.0
329,True,1.0,123,111.0
330,True,1.0,109,94.0
331,True,1.0,174,123.0
332,True,1.0,120,109.0
333,True,1.0,138,116.0
334,True,1.0,101,80.0
335,True,1.0,102,90.0
336,True,1.0,102,91.0
337,True,1.0,118,101.0
338,True,1.0,129,109.0
339,True,1.0,102,84.0
340,True,1.0,120,102.0
341,True,1.0,114,99.0
342,True,1.0,164,122.0
343,True,1.0,138,116.0
344,True,1.0,108,93.0
345,True,1.0,120,112.0
346,True,1.0,117,105.0
347,True,1.0,115,104.0
348,True,1.0,112,101.0
349,True,1.0,98,95.0
350,True,1.0,111,101.0
351,True,1.0,126,110.0
352,True,1.0,122,106.0
353,True,1.0,141,118.0
354,True,1.0,100,90.0
355,True,1.0,136,114.0
356,True,1.0,113,104.0
357,True,1.0,107,94.0
358,True,1.0,117,111.0
359,True,1.0,124,111.0
360,True,1.0,109,97.0
361,True,1.0,113,
362,True,1.0,127,105.0
363,True,1.0,96,94.0
364,True,1.0,121,110.0
365,True,1.0,136,113.0
366,True,1.0,99,90.0
367,True,1.0,106,102.0
368,True,1.0,101,95.0
369,True,1.0,112,105.0
370,True,1.0,123,107.0
371,True,1.0,133,118.0
372,True,1.0,83,77.0
373,True,1.0,182,131.0
374,True,1.0,105,92.0
375,True,1.0,114,103.0
376,True,1.0,110,100.0
377,True,1.0,111,101.0
378,True,1.0,115,105.0
379,True,1.0,124,111.0
380,True,1.0,145,119.0
381,True,1.0,93,85.0
382,True,1.0,109,101.0
383,True,1.0,153,121.0
384,True,1.0,163,124.0
385,True,1.0,112,104.0
386,True,1.0,118,101.0
387,True,1.0,126,102.0
388,True,1.0,123,109.0
389,True,1.0,104,97.0
390,True,1.0,130,112.0
391,True,1.0,114,105.0
392,True,1.0,145,111.0
393,True,1.0,122,114.0
394,True,1.0,130,114.0
395,True,1.0,99,91.0
396,True,1.0,105,92.0
397,True,1.0,99,94.0
398,True,1.0,111,102.0
399,True,1.0,105,102.0
400,True,1.0,82,77.0
401,True,1.0,129,122.0
402,True,1.0,113,103.0
403,True,1.0,119,110.0
404,True,1.0,103,99.0
405,True,1.0,137,117.0
406,True,1.0,128,110.0
407,True,1.0,81,78.0
408,True,1.0,115,106.0
409,True,1.0,131,112.0
410,True,1.0,122,110.0
411,True,1.0,131,111.0
412,True,1.0,85,78.0
413,True,1.0,133,106.0
414,True,1.0,105,100.0
415,True,1.0,118,105.0
416,True,1.0,118,110.0
417,True,1.0,126,111.0
418,True,1.0,126,107.0
419,True,1.0,117,101.0
420,True,1.0,107,103.0
421,True,1.0,112,86.0
422,True,1.0,98,84.0
423,True,1.0,160,126.0
424,True,1.0,112,100.0
425,True,1.0,105,101.0
426,True,1.0,89,75.0
427,True,1.0,122,113.0
428,True,1.0,103,93.0
429,True,1.0,111,101.0
430,True,1.0,78,68.0
431,True,1.0,108,
432,True,1.0,113,99.0
433,True,1.0,118,105.0
434,True,1.0,129,96.0
435,True,1.0,93,84.0
436,True,1.0,138,104.0
437,True,1.0,135,118.0
438,True,1.0,109,101.0
439,True,1.0,126,98.0
440,True,1.0,112,102.0
441,True,1.0,99,94.0
442,True,1.0,136,111.0
443,True,1.0,117,106.0
444,True,1.0,165,123.0
445,True,1.0,112,110.0
446,True,1.0,108,104.0
447,True,1.0,125,111.0
448,True,1.0,111,107.0
449,True,1.0,132,113.0
450,True,1.0,123,106.0
451,True,1.0,100,96.0
452,True,1.0,70,63.0
453,True,1.0,116,105.0
454,True,1.0,105,95.0
455,True,1.0,139,120.0
456,True,1.0,101,88.0
457,True,1.0,104,95.0
458,True,1.0,104,89.0
459,True,1.0,109,101.0
460,True,1.0,97,83.0
461,True,1.0,117,105.0
462,True,1.0,103,100.0
463,True,1.0,122,105.0
464,True,1.0,99,97.0
465,True,1.0,120,105.0
466,True,1.0,101,98.0
467,True,1.0,126,109.0
468,True,1.0,133,105.0
469,True,1.0,108,90.0
470,True,1.0,107,96.0
471,True,1.0,129,115.0
472,True,1.0,119,108.0
473,True,1.0,118,106.0
474,True,1.0,111,103.0
475,True,1.0,111,106.0
476,True,1.0,146,118.0
477,True,1.0,110,103.0
478,True,1.0,149,112.0
479,True,1.0,103,97.0
480,True,1.0,143,116.0
481,True,1.0,115,97.0
482,True,1.0,104,101.0
483,True,1.0,125,109.0
484,True,1.0,102,95.0
485,True,1.0,104,100.0
486,True,1.0,123,106.0
487,True,1.0,111,102.0
488,True,1.0,116,105.0
489,True,1.0,124,108.0
490,True,1.0,129,111.0
491,True,1.0,120,103.0
492,True,1.0,115,105.0
493,True,1.0,111,103.0
494,True,1.0,104,99.0
495,True,1.0,106,98.0
496,True,1.0,112,98.0
497,True,1.0,111,99.0
498,True,1.0,119,99.0
499,True,1.0,109,97.0
500,True,1.0,120,107.0
501,True,1.0,112,104.0
502,True,1.0,124,109.0
503,True,1.0,143,116.0
504,True,1.0,123,109.0
505,True,1.0,98,95.0
506,True,1.0,113,107.0
507,True,1.0,101,97.0
508,True,1.0,132,110.0
509,True,1.0,117,104.0
510,True,1.0,110,103.0
511,True,1.0,109,101.0
512,True,1.0,104,95.0
513,True,1.0,131,106.0
514,True,1.0,106,102.0
515,True,1.0,112,104.0
516,True,1.0,126,93.0
517,True,1.0,127,112.0
518,True,1.0,133,113.0
519,True,1.0,117,108.0
520,True,1.0,122,110.0
521,True,1.0,115,99.0
522,True,1.0,124,115.0
523,True,1.0,120,106.0
524,True,1.0,104,100.0
525,True,1.0,127,105.0
526,True,1.0,98,90.0
527,True,1.0,92,87.0
528,True,1.0,135,116.0
529,True,1.0,112,
530,True,1.0,107,97.0
531,True,1.0,133,112.0
532,True,1.0,102,96.0
533,True,1.0,120,108.0
534,True,1.0,104,92.0
535,True,1.0,104,98.0
536,True,1.0,132,114.0
537,True,1.0,127,111.0
538,True,1.0,122,105.0
539,True,1.0,114,102.0
540,True,1.0,119,110.0
541,True,1.0,124,113.0
542,True,1.0,147,122.0
543,True,1.0,109,101.0
544,True,1.0,117,104.0
545,True,1.0,103,95.0
546,True,1.0,107,99.0
547,True,1.0,122,112.0
548,True,1.0,114,105.0
549,True,1.0,142,120.0
550,True,1.0,144,119.0
551,True,1.0,109,99.0
552,True,1.0,106,101.0
553,True,1.0,118,105.0
554,True,1.0,129,107.0
555,True,1.0,130,111.0
556,True,1.0,123,102.0
557,True,1.0,108,98.0
558,True,1.0,116,114.0
559,True,1.0,111,105.0
560,True,1.0,89,85.0
561,True,1.0,95,92.0
562,True,1.0,122,106.0
563,True,1.0,126,112.0
564,True,1.0,131,111.0
565,True,1.0,102,91.0
566,True,1.0,101,99.0
567,True,1.0,144,121.0
568,True,1.0,105,99.0
569,True,1.0,111,104.0
570,True,1.0,117,106.0
571,True,1.0,104,90.0
572,True,1.0,156,116.0
573,True,1.0,113,101.0
574,True,1.0,104,95.0
575,True,1.0,111,106.0
576,True,1.0,94,88.0
577,True,1.0,113,101.0
578,True,1.0,143,119.0
579,True,1.0,106,
580,True,1.0,110,96.0
581,True,1.0,121,110.0
582,True,1.0,103,99.0
583,True,1.0,118,107.0
584,True,1.0,103,94.0
585,True,1.0,114,99.0
586,True,1.0,112,106.0
587,True,1.0,117,103.0
588,True,1.0,115,103.0
589,True,1.0,122,108.0
590,True,1.0,139,119.0
591,True,1.0,101,96.0
592,True,1.0,117,101.0
593,True,1.0,112,104.0
594,True,1.0,125,105.0
595,True,1.0,100,90.0
596,True,1.0,125,100.0
597,True,1.0,114,109.0
598,True,1.0,105,99.0
599,True,1.0,121,113.0
600,True,1.0,104,90.0
601,True,1.0,114,101.0
602,True,1.0,130,108.0
603,True,1.0,123,106.0
604,True,1.0,156,126.0
605,True,1.0,96,87.0
606,True,1.0,135,119.0
607,True,1.0,100,94.0
608,True,1.0,109,96.0
609,True,1.0,98,93.0
610,True,1.0,110,107.0
611,True,1.0,124,113.0
612,True,1.0,107,103.0
613,True,1.0,111,97.0
614,True,1.0,122,108.0
615,True,1.0,123,108.0
616,True,1.0,112,96.0
617,True,1.0,128,110.0
618,True,1.0,102,90.0
619,True,1.0,117,105.0
620,True,1.0,104,95.0
621,True,1.0,92,85.0
622,True,1.0,127,111.0
623,True,1.0,98,93.0
624,True,1.0,122,107.0
625,True,1.0,116,103.0
626,True,1.0,118,107.0
627,True,1.0,167,120.0
628,True,1.0,111,103.0
629,True,1.0,114,108.0
630,True,1.0,92,86.0
631,True,1.0,117,95.0
632,True,1.0,129,113.0
633,True,1.0,113,100.0
634,True,1.0,99,90.0
635,True,1.0,129,103.0
636,True,1.0,133,108.0
637,True,1.0,109,102.0
638,True,1.0,112,106.0
639,True,1.0,110,102.0
640,True,1.0,140,107.0
641,True,1.0,114,105.0
642,True,1.0,113,111.0
643,True,1.0,116,
644,True,1.0,110,101.0
645,True,1.0,101,92.0
646,True,1.0,117,105.0
647,True,1.0,124,108.0
648,True,1.0,149,131.0
649,True,1.0,102,87.0
650,True,1.0,117,101.0
651,True,1.0,122,109.0
652,True,1.0,105,92.0
653,True,1.0,108,103.0
654,True,1.0,100,94.0
655,True,1.0,104,85.0
656,True,1.0,98,93.0
657,True,1.0,113,96.0
658,True,1.0,109,104.0
659,True,1.0,92,88.0
660,True,1.0,131,114.0
661,True,1.0,100,92.0
662,True,1.0,128,109.0
663,True,1.0,103,99.0
664,True,1.0,135,99.0
665,True,1.0,112,102.0
666,True,1.0,110,101.0
667,True,1.0,112,108.0
668,True,1.0,119,104.0
669,True,1.0,115,106.0
670,True,1.0,123,105.0
671,True,1.0,104,90.0
672,True,1.0,115,103.0
673,True,1.0,118,107.0
674,True,1.0,122,104.0
675,True,1.0,146,120.0
676,True,1.0,107,99.0
677,True,1.0,103,98.0
678,True,1.0,121,96.0
679,True,1.0,125,104.0
680,True,1.0,123,108.0
681,True,1.0,145,94.0
682,True,1.0,111,98.0
683,True,1.0,126,108.0
684,True,1.0,121,114.0
685,True,1.0,96,90.0
686,True,1.0,112,108.0
687,True,1.0,105,100.0
688,True,1.0,115,108.0
689,True,1.0,140,118.0
690,True,1.0,115,105.0
691,True,1.0,98,96.0
692,True,1.0,116,105.0
693,True,1.0,174,123.0
694,True,1.0,100,89.0
695,True,1.0,113,111.0
696,True,1.0,131,103.0
697,True,1.0,135,115.0
698,True,1.0,133,115.0
699,True,1.0,120,110.0
700,True,1.0,114,106.0
701,True,1.0,97,89.0
702,True,1.0,125,110.0
703,True,1.0,130,103.0
704,True,1.0,145,118.0
705,True,1.0,110,102.0
706,True,1.0,123,109.0
707,True,1.0,112,102.0
708,True,1.0,97,90.0
709,True,1.0,101,93.0
710,True,1.0,114,106.0
711,True,1.0,100,94.0
712,True,1.0,103,99.0
713,True,1.0,129,117.0
714,True,1.0,101,95.0
715,True,1.0,137,114.0
716,True,1.0,129,107.0
717,True,1.0,119,106.0
718,True,1.0,113,103.0
719,True,1.0,124,112.0
720,True,1.0,94,88.0
721,True,1.0,135,112.0
722,True,1.0,117,114.0
723,True,1.0,112,100.0
724,True,1.0,129,112.0
725,True,1.0,120,106.0
726,True,1.0,111,103.0
727,True,1.0,132,114.0
728,True,1.0,106,98.0
729,True,1.0,138,113.0
730,True,1.0,99,95.0
731,True,1.0,117,106.0
732,True,1.0,140,112.0
733,True,1.0,127,111.0
734,True,1.0,115,104.0
735,True,1.0,110,103.0
736,True,1.0,94,88.0
737,True,1.0,182,131.0
738,True,1.0,121,106.0
739,True,1.0,130,111.0
740,True,1.0,120,109.0
741,True,1.0,121,103.0
742,True,1.0,109,103.0
743,True,1.0,138,118.0
744,True,1.0,113,104.0
745,True,1.0,91,86.0
746,True,1.0,106,97.0
747,True,1.0,125,106.0
748,True,1.0,90,87.0
749,True,1.0,104,95.0
750,True,1.0,156,128.0
751,True,1.0,103,98.0
752,True,1.0,128,109.0
753,True,1.0,119,110.0
754,True,1.0,136,117.0
755,True,1.0,130,111.0
756,True,1.0,136,119.0
757,True,1.0,118,104.0
758,True,1.0,109,105.0
759,True,1.0,111,101.0
760,True,1.0,107,98.0
761,True,1.0,112,104.0
762,True,1.0,116,102.0
763,True,1.0,114,106.0
764,True,1.0,103,97.0
765,True,1.0,110,97.0
766,True,1.0,105,99.0
767,True,1.0,106,87.0
768,True,1.0,87,79.0
769,True,1.0,109,105.0
770,True,1.0,112,102.0
771,True,1.0,110,100.0
772,True,1.0,112,105.0
773,True,1.0,130,110.0
774,True,1.0,135,107.0
775,True,1.0,131,111.0
776,True,1.0,98,88.0
777,True,1.0,110,99.0
778,True,1.0,126,112.0
779,True,1.0,109,98.0
780,True,1.0,123,106.0
781,True,1.0,117,95.0
782,True,1.0,95,91.0
783,True,1.0,110,94.0
784,True,1.0,116,105.0
785,True,1.0,97,91.0
786,True,1.0,101,93.0
787,True,1.0,122,112.0
788,True,1.0,104,93.0
789,True,1.0,121,105.0
790,True,1.0,122,108.0
791,True,1.0,96,90.0
792,True,1.0,171,132.0
793,True,1.0,132,104.0
794,True,1.0,118,104.0
795,True,1.0,119,105.0
796,True,1.0,116,94.0
797,True,1.0,106,97.0
798,True,1.0,124,109.0
799,True,1.0,123,112.0
800,True,1.0,111,95.0
801,True,1.0,112,107.0
802,True,1.0,129,109.0
803,True,1.0,149,122.0
804,True,1.0,111,109.0
805,True,1.0,99,95.0
806,True,1.0,158,126.0
807,True,1.0,130,115.0
808,True,1.0,110,106.0
809,True,1.0,101,87.0
810,True,1.0,118,109.0
811,True,1.0,134,113.0
812,True,1.0,94,86.0
813,True,1.0,126,110.0
814,True,1.0,162,123.0
815,True,1.0,133,115.0
816,True,1.0,124,106.0
817,True,1.0,117,105.0
818,True,1.0,108,98.0
819,True,1.0,136,120.0
820,True,1.0,99,91.0
821,True,1.0,126,110.0
822,True,1.0,115,114.0
823,True,1.0,107,104.0
824,True,1.0,120,105.0
825,True,1.0,110,100.0
826,True,1.0,86,78.0
827,True,1.0,130,107.0
828,True,1.0,103,98.0
829,True,1.0,110,103.0
830,True,1.0,125,106.0
831,True,1.0,127,111.0
832,True,1.0,168,129.0
833,True,1.0,108,101.0
834,True,1.0,110,94.0
835,True,1.0,115,101.0
836,True,1.0,117,107.0
837,True,1.0,104,100.0
838,True,1.0,131,108.0
839,True,1.0,128,115.0
840,True,1.0,112,104.0
841,True,1.0,116,103.0
842,True,1.0,109,95.0
843,True,1.0,101,99.0
844,True,1.0,118,111.0
845,True,1.0,125,100.0
846,True,1.0,128,101.0
847,True,1.0,106,100.0
848,True,1.0,133,117.0
849,True,1.0,130,110.0
850,True,1.0,112,101.0
851,True,1.0,100,90.0
852,True,1.0,101,95.0
853,True,1.0,98,94.0
854,True,1.0,106,101.0
855,True,1.0,96,81.0
856,True,1.0,124,108.0
857,True,1.0,122,109.0
858,True,1.0,118,98.0
859,True,1.0,143,118.0
860,True,1.0,122,106.0
861,True,1.0,163,112.0
862,True,1.0,121,106.0
863,True,1.0,112,103.0
864,True,1.0,120,102.0
865,True,1.0,111,103.0
866,True,1.0,153,121.0
867,True,1.0,130,107.0
868,True,1.0,160,128.0
869,True,1.0,114,111.0
870,True,1.0,113,103.0
871,True,1.0,126,111.0
872,True,1.0,116,106.0
873,True,1.0,152,124.0
874,True,1.0,125,111.0
875,True,1.0,132,118.0
876,True,1.0,97,87.0
877,True,1.0,111,102.0
878,True,1.0,129,108.0
879,True,1.0,99,95.0
880,True,1.0,149,110.0
881,True,1.0,153,130.0
882,True,1.0,111,104.0
883,True,1.0,119,111.0
884,True,1.0,101,90.0
885,True,1.0,121,107.0
886,True,1.0,126,111.0
887,True,1.0,124,107.0
888,True,1.0,105,88.0
889,True,1.0,109,103.0
890,True,1.0,130,111.0
891,True,1.0,128,108.0
892,True,1.0,118,100.0
893,True,1.0,149,113.0
894,True,1.0,119,103.0
895,True,1.0,102,94.0
896,True,1.0,124,108.0
897,True,1.0,122,108.0
898,True,1.0,140,115.0
899,True,1.0,103,90.0
900,True,1.0,117,102.0
901,True,1.0,96,86.0
902,True,1.0,151,113.0
903,True,1.0,107,99.0
904,True,1.0,133,105.0
905,True,1.0,132,114.0
906,True,1.0,138,116.0
907,True,1.0,98,93.0
908,True,1.0,99,89.0
909,True,1.0,120,104.0
910,True,1.0,122,115.0
911,True,1.0,104,86.0
912,True,1.0,134,112.0
913,True,1.0,118,104.0
914,True,1.0,97,94.0
915,True,1.0,130,114.0
916,True,1.0,119,105.0
917,True,1.0,150,120.0
918,True,1.0,112,100.0
919,True,1.0,104,97.0
920,True,1.0,111,104.0
921,True,1.0,148,114.0
922,True,1.0,110,102.0
923,True,1.0,138,114.0
924,True,1.0,96,74.0
925,True,1.0,129,110.0
926,True,1.0,120,103.0
927,True,1.0,110,98.0
928,True,1.0,112,108.0
929,True,1.0,118,102.0
930,True,1.0,128,114.0
931,True,1.0,147,124.0
932,True,1.0,105,
933,True,1.0,118,93.0
934,True,1.0,104,99.0
935,True,1.0,129,109.0
936,True,1.0,107,99.0
937,True,1.0,102,93.0
938,True,1.0,83,73.0
939,True,1.0,115,105.0
940,True,1.0,156,122.0
941,True,1.0,109,99.0
942,True,1.0,110,102.0
943,True,1.0,158,126.0
944,True,1.0,108,97.0
945,True,1.0,129,111.0
946,True,1.0,124,103.0
947,True,1.0,118,104.0
948,True,1.0,120,104.0
949,True,1.0,100,94.0
950,True,1.0,100,89.0
951,True,1.0,113,100.0
952,True,1.0,96,90.0
953,True,1.0,97,92.0
954,True,1.0,160,121.0
955,True,1.0,125,116.0
956,True,1.0,132,112.0
957,True,1.0,141,120.0
958,True,1.0,108,102.0
959,True,1.0,124,101.0
960,True,1.0,103,93.0
961,True,1.0,118,108.0
962,True,1.0,107,93.0
963,True,1.0,114,104.0
964,True,1.0,109,98.0
965,True,1.0,113,110.0
966,True,1.0,89,76.0
967,True,1.0,108,100.0
968,True,1.0,124,108.0
969,True,1.0,113,104.0
970,True,1.0,105,97.0
971,True,1.0,99,76.0
972,True,1.0,107,96.0
973,True,1.0,113,105.0
974,True,1.0,118,111.0
975,True,1.0,147,115.0
976,True,1.0,120,101.0
977,True,1.0,123,113.0
978,True,1.0,116,110.0
979,True,1.0,116,95.0
980,True,1.0,98,94.0
981,True,1.0,127,104.0
982,True,1.0,113,102.0
983,True,1.0,125,114.0
984,True,1.0,130,112.0
985,True,1.0,100,91.0
986,True,1.0,135,112.0
987,True,1.0,120,112.0
988,True,1.0,84,79.0
989,True,1.0,155,123.0
990,True,1.0,132,110.0
991,True,1.0,92,81.0
992,True,1.0,107,100.0
993,True,1.0,118,103.0
994,True,1.0,123,103.0
995,True,1.0,68,65.0
996,True,1.0,128,110.0
997,True,1.0,113,103.0
998,True,1.0,131,114.0
999,True,1.0,117,101.0
1000,True,1.0,107,99.0
1001,True,1.0,116,101.0
1002,True,1.0,108,106.0
1003,True,1.0,143,120.0
1004,True,1.0,111,103.0
1005,True,1.0,88,87.0
1006,True,1.0,142,119.0
1007,True,1.0,103,95.0
1008,True,1.0,102,93.0
1009,True,1.0,99,94.0
1010,True,1.0,113,103.0
1011,True,1.0,98,94.0
1012,True,1.0,90,86.0
1013,True,1.0,139,107.0
1014,True,1.0,109,103.0
1015,True,1.0,95,94.0
1016,True,1.0,131,112.0
1017,True,1.0,116,106.0
1018,True,1.0,100,95.0
1019,True,1.0,118,108.0
1020,True,1.0,110,100.0
1021,True,1.0,105,102.0
1022,True,1.0,109,92.0
1023,True,1.0,119,112.0
1024,True,1.0,97,86.0
1025,True,1.0,113,107.0
1026,True,1.0,122,113.0
1027,True,1.0,126,110.0
1028,True,1.0,109,99.0
1029,True,1.0,118,107.0
1030,True,1.0,109,102.0
1031,True,1.0,126,116.0
1032,True,1.0,119,109.0
1033,True,1.0,97,92.0
1034,True,1.0,93,78.0
1035,True,1.0,113,104.0
1036,True,1.0,102,87.0
1037,True,1.0,117,107.0
1038,True,1.0,122,105.0
1039,True,1.0,102,100.0
1040,True,1.0,138,116.0
1041,True,1.0,108,77.0
1042,True,1.0,112,101.0
1043,True,1.0,96,93.0
1044,True,1.0,142,117.0
1045,True,1.0,101,96.0
1046,True,1.0,116,109.0
1047,True,1.0,137,118.0
1048,True,1.0,111,106.0
1049,True,1.0,141,119.0
1050,True,1.0,132,113.0
1051,True,1.0,114,99.0
1052,True,1.0,115,104.0
1053,True,1.0,105,97.0
1054,True,1.0,150,123.0
1055,True,1.0,141,118.0
1056,True,1.0,110,106.0
1057,True,1.0,117,92.0
1058,True,1.0,103,98.0
1059,True,1.0,140,113.0
1060,True,1.0,112,105.0
1061,True,1.0,107,100.0
1062,True,1.0,120,108.0
1063,True,1.0,99,93.0
1064,True,1.0,112,90.0
1065,True,1.0,151,113.0
1066,True,1.0,102,93.0
1067,True,1.0,119,106.0
1068,True,1.0,116,105.0
1069,True,1.0,135,110.0
1070,True,1.0,143,119.0
1071,True,1.0,132,111.0
1072,True,1.0,166,124.0
1073,True,1.0,112,102.0
1074,True,1.0,117,98.0
1075,True,1.0,111,90.0
1076,True,1.0,78,74.0
1077,True,1.0,98,96.0
1078,True,1.0,76,69.0
1079,True,1.0,102,90.0
