OperationIndex,OperationDuration
0,1
1,9
2,4
3,3
4,1
5,1
6,1
7,6
8,3
9,4
10,1
11,11
12,5
13,1
14,1
15,1
16,1
17,2
18,2
19,1
20,3
21,1
22,1
23,1
24,2
25,5
26,1
27,2
28,3
29,1
30,3
31,1
32,1
33,9
34,10
35,5
36,1
37,1
38,3
39,2
40,1
41,2
42,1
43,7
44,1
45,3
46,1
47,2
48,2
49,1
50,10
51,4
52,8
53,7
54,3
55,8
56,1
57,1
58,1
59,1
60,1
61,1
62,5
63,1
64,1
65,2
66,1
67,5
68,1
69,13
70,4
71,1
72,1
73,5
74,4
75,4
76,4
77,1
78,1
79,1
80,6
81,3
82,1
83,1
84,1
85,1
86,4
87,3
88,7
89,2
90,1
91,4
92,4
93,2
94,4
95,2
96,2
97,2
98,1
99,1
100,1
101,3
102,1
103,2
104,7
105,1
106,2
107,4
108,1
109,1
110,1
111,1
112,8
113,5
114,3
115,6
116,5
117,1
118,7
119,2
120,5
121,7
122,1
123,1
124,1
125,2
126,5
127,6
128,1
129,2
130,2
131,1
132,1
133,1
134,9
135,1
136,2
137,4
138,1
139,11
140,10
141,1
142,2
143,1
144,1
145,1
146,3
147,2
148,1
149,1
150,7
151,1
152,1
153,2
154,13
155,1
156,3
157,4
158,1
159,4
160,1
161,3
162,3
163,2
164,1
165,5
166,1
167,1
168,1
169,3
170,3
171,1
172,2
173,1
174,3
175,1
176,4
177,1
178,8
179,1
180,1
181,1
182,8
183,6
184,1
185,3
186,5
187,2
188,2
189,1
190,1
191,7
192,7
193,3
194,1
195,1
196,4
197,7
198,7
199,5
200,3
201,1
202,1
203,7
204,3
205,1
206,1
207,3
208,1
209,1
210,2
211,4
212,3
213,1
214,4
215,1
216,1
217,4
218,3
219,6
220,3
221,3
222,1
223,1
224,1
225,1
226,11
227,1
228,7
229,3
230,5
231,2
232,3
233,2
234,1
235,4
236,1
237,1
238,3
239,1
240,8
241,9
242,7
243,1
244,1
245,8
246,2
247,10
248,10
249,6
250,1
251,1
252,6
253,1
254,1
255,2
256,8
257,4
258,3
259,1
260,3
261,14
262,1
263,2
264,6
265,4
266,4
267,4
268,1
269,1
270,5
271,5
272,6
273,7
274,2
275,2
276,5
277,3
278,4
279,5
280,7
281,1
282,1
283,1
284,3
285,1
286,2
287,2
288,1
289,3
290,1
291,1
292,5
293,1
294,1
295,2
296,4
297,1
298,3
299,1
300,1
301,2
302,2
303,3
304,4
305,11
306,2
307,1
308,5
309,1
310,2
311,1
312,1
313,10
314,5
315,4
316,2
317,1
318,1
319,1
320,2
321,4
322,3
323,1
324,9
325,4
326,2
327,3
328,2
329,1
330,1
331,4
332,1
333,1
334,1
335,1
336,6
337,4
338,2
339,1
340,2
341,2
342,1
343,2
344,2
345,3
346,3
347,1
348,1
349,3
350,2
351,6
352,3
353,1
354,1
355,3
356,1
357,3
358,8
359,3
360,1
361,3
362,2
363,2
364,9
365,1
366,10
367,7
368,1
369,1
370,1
371,1
372,1
373,3
374,1
375,1
376,6
377,1
378,5
379,1
380,1
381,4
382,3
383,6
384,4
385,5
386,1
387,1
388,4
389,5
390,14
391,2
392,1
393,4
394,1
395,8
396,6
397,2
398,4
399,4
400,1
401,7
402,2
403,5
404,1
405,7
406,1
407,1
408,7
409,1
410,1
411,9
412,9
413,3
414,3
415,2
416,1
417,1
418,3
419,4
420,5
421,5
422,1
423,2
424,1
425,2
426,2
427,7
428,1
429,1
430,1
431,4
432,3
433,1
434,1
435,4
436,1
437,5
438,4
439,1
440,1
441,13
442,1
443,1
444,5
445,9
446,13
447,4
448,1
449,1
450,5
451,2
452,2
453,7
454,1
455,2
456,1
457,2
458,1
459,1
460,1
461,3
462,4
463,3
464,10
465,1
466,1
467,6
468,1
469,10
470,1
471,11
472,1
473,7
474,2
475,15
476,1
477,2
478,10
479,2
480,3
481,4
482,2
483,3
484,3
485,7
486,1
487,1
488,9
489,7
490,2
491,3
492,1
493,1
494,2
495,1
496,3
497,1
498,11
499,13
500,4
501,2
502,1
503,5
504,3
505,1
506,7
507,5
508,9
509,4
510,3
511,2
512,8
513,6
514,1
515,1
516,1
517,5
518,13
519,1
520,3
521,1
522,11
523,6
524,5
525,2
526,2
527,1
528,1
529,6
530,5
531,25
532,17
533,2
534,4
535,9
536,6
537,1
538,2
539,1
540,9
541,3
542,1
543,3
544,3
545,1
546,1
547,3
548,2
549,4
550,2
551,6
552,2
553,2
554,6
555,2
556,1
557,1
558,4
559,3
560,4
561,1
562,1
563,1
564,1
565,3
566,1
567,2
568,7
569,1
570,2
571,5
572,2
573,3
574,6
575,9
576,1
577,8
578,2
579,1
580,2
581,12
582,2
583,1
584,3
585,1
586,1
587,1
588,1
589,1
590,1
591,3
592,1
593,1
594,7
595,2
596,3
597,1
598,1
599,1
600,1
601,1
602,1
603,1
604,1
605,2
606,1
607,1
608,2
609,4
610,1
611,5
612,3
613,1
614,6
615,8
616,1
617,1
618,5
619,4
620,1
621,1
622,1
623,2
624,3
625,1
626,2
627,4
628,1
629,1
630,4
631,7
632,2
633,2
634,1
635,2
636,2
637,1
638,1
639,1
640,1
641,1
642,1
643,1
644,1
645,7
646,3
647,3
648,5
649,2
650,1
651,2
652,3
653,4
654,2
655,1
656,1
657,1
658,3
659,3
660,1
661,13
662,3
663,1
664,1
665,1
666,1
667,1
668,1
669,1
670,1
671,7
672,1
673,2
674,2
675,12
676,1
677,2
678,10
679,6
680,5
681,1
682,1
683,3
684,8
685,2
686,3
687,1
688,4
689,1
690,1
691,2
692,2
693,1
694,1
695,3
696,1
697,3
698,1
699,2
700,2
701,1
702,1
703,1
704,1
705,14
706,1
707,5
708,1
709,3
710,4
711,3
712,2
713,2
714,1
715,8
716,5
717,10
718,1
719,4
720,8
721,1
722,1
723,4
724,3
725,6
726,1
727,5
728,1
729,1
730,1
731,5
732,3
733,2
734,1
735,6
736,1
737,5
738,2
739,1
740,2
741,1
742,4
743,2
744,1
745,7
746,1
747,2
748,7
749,3
750,1
751,8
752,3
753,1
754,1
755,5
756,3
757,2
758,7
759,5
760,1
761,1
762,1
763,4
764,1
765,3
766,4
767,6
768,1
769,5
770,1
771,6
772,1
773,2
774,5
775,1
776,1
777,4
778,4
779,3
780,4
781,2
782,1
783,1
784,1
785,7
786,3
787,2
788,2
789,9
790,1
791,3
792,2
793,3
794,1
795,6
796,8
797,2
798,4
799,8
800,4
801,1
802,3
803,3
804,2
805,4
806,8
807,8
808,2
809,1
810,13
811,5
812,1
813,8
814,6
815,2
816,3
817,2
818,1
819,1
820,5
821,1
822,1
823,2
824,2
825,8
826,1
827,1
828,4
829,2
830,1
831,2
832,1
833,1
834,2
835,2
836,7
837,1
838,3
839,3
840,1
841,3
842,1
843,10
844,1
845,2
846,1
847,17
848,2
849,3
850,1
851,4
852,1
853,7
854,1
855,1
856,1
857,2
858,2
859,1
860,4
861,2
862,2
863,2
864,2
865,2
866,1
867,1
868,6
869,9
870,1
871,1
872,3
873,2
874,1
875,1
876,4
877,3
878,1
879,1
880,1
881,3
882,1
883,1
884,5
885,1
886,3
887,1
888,1
889,1
890,4
891,6
892,5
893,2
894,3
895,1
896,1
897,7
898,1
899,1
900,1
901,1
902,1
903,3
904,2
905,7
906,5
907,1
908,1
909,1
910,3
911,1
912,3
913,2
914,2
915,2
916,1
917,9
918,4
919,1
920,6
921,2
922,7
923,5
924,2
925,1
926,1
927,2
928,3
929,1
930,1
931,5
932,12
933,2
934,1
935,1
936,1
937,7
938,1
939,3
940,1
941,2
942,3
943,5
944,1
945,1
946,1
947,7
948,6
949,3
950,3
951,3
952,1
953,7
954,2
955,1
956,2
957,1
958,1
959,4
960,1
961,3
962,1
963,1
964,1
965,1
966,4
967,1
968,3
969,2
970,3
971,8
972,4
973,1
974,1
975,1
976,3
977,1
978,2
979,3
980,1
981,4
982,1
983,1
984,4
985,2
986,3
987,2
988,1
989,5
990,5
991,4
992,1
993,3
994,1
995,1
996,7
997,1
998,9
999,2
1000,1
1001,2
1002,6
1003,4
1004,5
1005,3
1006,4
1007,6
1008,1
1009,2
1010,1
1011,13
1012,9
1013,1
1014,4
1015,8
1016,1
1017,3
1018,7
1019,1
1020,4
1021,1
1022,8
1023,11
1024,9
1025,2
1026,6
1027,6
1028,1
1029,5
1030,1
1031,3
1032,1
1033,1
1034,1
1035,4
1036,1
1037,4
1038,1
1039,1
1040,2
1041,5
1042,1
1043,3
1044,7
1045,3
1046,1
1047,1
1048,6
1049,1
1050,6
1051,2
1052,8
1053,5
1054,19
1055,1
1056,4
1057,2
1058,2
1059,3
1060,6
1061,12
1062,4
1063,2
1064,2
1065,4
1066,1
1067,1
1068,1
1069,1
1070,1
1071,1
1072,1
1073,1
1074,13
1075,2
1076,1
1077,3
1078,1
1079,9
1080,5
1081,1
1082,2
1083,6
1084,9
1085,2
1086,3
1087,1
1088,14
1089,1
1090,9
1091,3
1092,3
1093,2
1094,1
1095,1
1096,1
1097,1
1098,5
1099,1
1100,1
1101,10
1102,6
1103,8
1104,16
1105,1
1106,2
1107,4
1108,4
1109,1
1110,5
1111,1
1112,1
1113,2
1114,3
1115,3
1116,1
1117,6
1118,1
1119,1
1120,7
1121,9
1122,6
1123,5
1124,3
1125,2
1126,1
1127,2
1128,1
1129,1
1130,4
1131,2
1132,1
1133,1
1134,3
1135,1
1136,6
1137,2
1138,2
1139,3
1140,5
1141,1
1142,3
1143,3
1144,1
1145,6
1146,5
1147,3
1148,6
1149,6
1150,4
1151,5
1152,4
1153,3
1154,3
1155,4
1156,1
1157,6
1158,6
1159,1
1160,5
1161,1
1162,1
1163,4
1164,1
1165,5
1166,5
1167,2
1168,1
1169,1
1170,3
1171,12
1172,3
1173,1
1174,3
1175,2
1176,5
1177,1
1178,4
1179,2
1180,10
1181,1
1182,3
1183,8
1184,1
1185,8
1186,3
1187,1
1188,1
1189,4
1190,1
1191,3
1192,1
1193,3
1194,1
1195,6
1196,11
1197,10
1198,4
1199,1
1200,4
1201,1
1202,1
1203,1
1204,2
1205,4
1206,3
1207,2
1208,1
1209,18
1210,2
1211,2
1212,1
1213,5
1214,4
1215,1
1216,1
1217,3
1218,3
1219,1
1220,9
1221,1
1222,2
1223,9
1224,2
1225,3
1226,2
1227,1
1228,12
1229,2
1230,7
1231,1
1232,1
1233,1
1234,3
1235,1
1236,6
1237,2
1238,10
1239,1
1240,6
1241,4
1242,4
1243,6
1244,4
1245,3
1246,1
1247,1
1248,8
1249,3
1250,5
1251,2
1252,1
1253,1
1254,3
1255,2
1256,1
1257,2
1258,1
1259,3
1260,1
1261,5
1262,1
1263,2
1264,1
1265,1
1266,1
1267,2
1268,3
1269,1
1270,4
1271,6
1272,5
1273,1
1274,2
1275,1
1276,1
1277,13
1278,1
1279,2
1280,3
1281,4
1282,2
1283,1
1284,1
1285,2
1286,1
1287,1
1288,1
1289,1
1290,2
1291,1
1292,3
1293,4
1294,5
1295,1
1296,1
1297,1
1298,3
1299,4
1300,1
1301,8
1302,1
1303,2
1304,4
1305,6
1306,4
1307,5
1308,1
1309,5
1310,1
1311,7
1312,2
1313,5
1314,2
1315,3
1316,2
1317,4
1318,1
1319,1
1320,1
1321,1
1322,6
1323,1
1324,11
1325,1
1326,1
1327,5
1328,3
1329,2
1330,2
1331,4
1332,1
1333,17
1334,11
1335,3
1336,1
1337,3
1338,1
1339,1
1340,1
1341,2
1342,6
1343,4
1344,4
1345,2
1346,1
1347,1
1348,13
1349,1
1350,6
1351,3
1352,2
1353,4
1354,2
1355,6
1356,7
1357,2
1358,1
1359,3
1360,7
1361,1
1362,3
1363,3
1364,4
1365,1
1366,4
1367,7
1368,1
1369,1
1370,11
1371,1
1372,6
1373,2
1374,1
1375,6
1376,2
1377,2
1378,1
1379,3
1380,1
1381,1
1382,10
1383,1
1384,3
1385,1
1386,4
1387,1
1388,11
1389,2
1390,1
1391,1
1392,1
1393,2
1394,1
1395,5
1396,2
1397,1
1398,3
1399,4
1400,1
1401,1
1402,1
1403,4
1404,3
1405,2
1406,6
1407,5
1408,3
1409,6
1410,1
1411,1
1412,1
1413,1
1414,2
1415,8
1416,1
1417,1
1418,2
1419,8
1420,1
1421,2
1422,1
1423,1
1424,13
1425,10
1426,1
1427,9
1428,3
1429,6
1430,2
1431,2
1432,2
1433,3
1434,1
1435,1
1436,1
1437,4
1438,1
1439,3
1440,11
1441,1
1442,3
1443,2
1444,6
1445,1
1446,4
1447,5
1448,9
1449,3
1450,2
1451,3
1452,6
1453,3
1454,1
1455,8
1456,4
1457,3
1458,1
1459,3
1460,2
1461,3
1462,1
1463,3
1464,22
1465,1
1466,11
1467,2
1468,6
1469,5
1470,3
1471,4
1472,6
1473,2
1474,1
1475,3
1476,5
1477,4
1478,5
1479,2
1480,5
1481,1
1482,2
1483,1
1484,1
1485,1
1486,2
1487,4
1488,1
1489,2
1490,1
1491,1
1492,1
1493,1
1494,3
1495,3
1496,3
1497,2
1498,1
1499,6
1500,2
1501,2
1502,1
1503,1
1504,1
1505,2
1506,3
1507,2
1508,3
1509,4
1510,5
1511,4
1512,9
1513,1
1514,1
1515,1
1516,3
1517,7
1518,1
1519,8
1520,1
1521,8
1522,1
1523,1
1524,2
1525,1
1526,1
1527,1
1528,5
1529,2
1530,1
1531,3
1532,4
1533,1
1534,2
1535,1
1536,1
1537,3
1538,1
1539,2
1540,4
1541,1
1542,3
1543,1
1544,10
1545,2
1546,5
1547,2
1548,1
1549,3
1550,9
1551,3
1552,5
1553,6
1554,1
1555,1
1556,3
1557,2
1558,5
1559,7
1560,1
1561,1
1562,5
1563,1
1564,5
1565,2
1566,3
1567,1
1568,3
1569,2
1570,3
1571,1
1572,4
1573,6
1574,1
1575,1
1576,1
1577,3
1578,3
1579,2
1580,1
1581,1
1582,3
1583,2
1584,13
1585,1
1586,4
1587,2
1588,2
1589,4
1590,4
1591,14
1592,1
1593,1
1594,4
1595,3
1596,1
1597,1
1598,1
1599,7
1600,1
1601,1
1602,1
1603,1
1604,1
1605,2
1606,1
1607,5
1608,1
1609,2
1610,6
1611,3
1612,2
1613,1
1614,1
1615,3
1616,15
1617,3
1618,2
1619,4
1620,2
1621,1
1622,2
1623,9
1624,1
1625,4
1626,1
1627,2
1628,1
1629,2
1630,4
1631,1
1632,3
1633,5
1634,8
1635,1
1636,2
1637,1
1638,15
1639,8
1640,2
1641,6
1642,2
1643,3
1644,1
1645,4
1646,1
1647,5
1648,5
1649,4
1650,1
1651,1
1652,1
1653,1
1654,1
1655,8
1656,2
1657,1
1658,2
1659,2
1660,3
1661,2
1662,8
1663,2
1664,15
1665,6
1666,1
1667,8
1668,1
1669,5
1670,1
1671,6
1672,6
1673,5
1674,5
1675,1
1676,1
1677,2
1678,1
1679,4
1680,1
1681,11
1682,3
1683,5
1684,1
1685,6
1686,8
1687,2
1688,3
1689,4
1690,1
1691,2
1692,2
1693,1
1694,1
1695,1
1696,1
1697,1
1698,10
1699,2
1700,10
1701,2
1702,1
1703,2
1704,2
1705,1
1706,3
1707,1
1708,3
1709,3
1710,1
1711,1
1712,5
1713,2
1714,1
1715,16
1716,1
1717,4
1718,12
1719,1
1720,1
1721,1
1722,1
1723,1
1724,4
1725,1
1726,2
1727,17
1728,5
1729,3
1730,1
1731,3
1732,2
1733,2
1734,1
1735,7
1736,2
1737,1
1738,1
1739,2
1740,5
1741,4
1742,4
1743,1
1744,2
1745,2
1746,1
1747,1
1748,4
1749,1
1750,2
1751,1
1752,1
1753,1
1754,11
1755,5
1756,10
1757,2
1758,1
1759,2
1760,2
1761,6
1762,1
1763,2
1764,1
1765,1
1766,4
1767,2
1768,1
1769,2
1770,2
1771,5
1772,7
1773,9
1774,5
1775,1
1776,3
1777,2
1778,1
1779,6
1780,1
1781,7
1782,2
1783,3
1784,3
1785,7
1786,3
1787,3
1788,1
1789,2
1790,1
1791,4
1792,2
1793,3
1794,1
1795,1
1796,4
1797,1
1798,1
1799,1
1800,9
1801,4
1802,1
1803,1
1804,1
1805,4
1806,3
1807,1
1808,1
1809,1
1810,3
1811,4
1812,1
1813,1
1814,1
1815,10
1816,1
1817,4
1818,3
1819,1
1820,1
1821,1
1822,3
1823,4
1824,3
1825,2
1826,1
1827,10
1828,5
1829,1
1830,12
1831,3
1832,3
1833,4
1834,5
1835,3
1836,1
1837,1
1838,8
1839,1
1840,1
1841,2
1842,2
1843,3
1844,9
1845,1
1846,1
1847,1
1848,7
1849,3
1850,1
1851,5
1852,6
1853,6
1854,8
1855,1
1856,4
1857,2
1858,6
1859,4
1860,4
1861,3
1862,1
1863,2
1864,13
1865,8
1866,1
1867,1
1868,1
1869,4
1870,5
1871,1
1872,2
1873,6
1874,4
1875,2
1876,3
1877,2
1878,1
1879,2
1880,4
1881,6
1882,3
1883,4
1884,1
1885,2
1886,1
1887,1
1888,4
1889,14
1890,1
1891,2
1892,5
1893,1
1894,2
1895,4
1896,3
1897,1
1898,1
1899,5
1900,2
1901,1
1902,4
1903,1
1904,4
1905,1
1906,10
1907,1
1908,1
1909,1
1910,1
1911,6
1912,17
1913,1
1914,2
1915,4
1916,7
1917,3
1918,1
1919,2
1920,4
1921,1
1922,3
1923,1
1924,5
1925,1
1926,3
1927,2
1928,3
1929,1
1930,3
1931,2
1932,2
1933,3
1934,3
1935,5
1936,1
1937,5
1938,2
1939,1
1940,1
1941,1
1942,5
1943,4
1944,5
1945,2
1946,2
1947,1
1948,1
1949,2
1950,1
1951,1
1952,3
1953,4
1954,19
1955,8
1956,3
1957,2
1958,3
1959,5
1960,1
1961,2
1962,5
1963,1
1964,3
1965,3
1966,1
1967,1
1968,1
1969,1
1970,1
1971,5
1972,1
1973,2
1974,1
1975,8
1976,1
1977,2
1978,6
1979,6
1980,1
1981,5
1982,2
1983,2
1984,1
1985,1
1986,4
1987,2
1988,2
1989,4
1990,4
1991,1
1992,3
1993,1
1994,4
1995,3
1996,9
1997,1
1998,1
1999,1
2000,1
2001,1
2002,7
2003,1
2004,1
2005,4
2006,2
2007,4
2008,1
2009,2
2010,1
2011,1
2012,7
2013,1
2014,2
2015,2
2016,1
2017,7
2018,1
2019,3
2020,10
2021,2
2022,8
2023,1
2024,2
2025,1
2026,4
2027,12
2028,1
2029,3
2030,1
2031,2
2032,2
2033,11
2034,3
2035,1
2036,1
2037,1
2038,1
2039,1
2040,6
2041,2
2042,2
2043,1
2044,6
2045,4
2046,1
2047,4
2048,2
2049,1
2050,2
2051,2
2052,1
2053,9
2054,6
2055,3
2056,2
2057,2
2058,3
2059,2
2060,1
2061,2
2062,5
2063,2
2064,1
2065,5
2066,1
2067,1
2068,1
2069,1
2070,4
2071,2
2072,1
2073,6
2074,6
2075,6
2076,1
2077,2
2078,13
2079,4
2080,1
2081,1
2082,2
2083,7
2084,2
2085,2
2086,1
2087,3
2088,5
2089,1
2090,4
2091,10
2092,1
2093,2
2094,1
2095,5
2096,3
2097,3
2098,5
2099,2
2100,7
2101,2
2102,1
2103,4
2104,5
2105,1
2106,6
2107,7
2108,1
2109,12
2110,1
2111,1
2112,1
2113,7
2114,3
2115,1
2116,2
2117,3
2118,1
2119,6
2120,5
2121,2
2122,10
2123,2
2124,12
2125,3
2126,3
2127,1
2128,6
2129,2
2130,1
2131,1
2132,2
2133,2
2134,4
2135,7
2136,1
2137,4
2138,1
2139,6
2140,5
2141,2
2142,4
2143,1
2144,2
2145,5
2146,2
2147,1
2148,2
2149,5
2150,1
2151,1
2152,4
2153,5
2154,1
2155,1
2156,1
2157,1
2158,2
2159,4
2160,3
2161,3
2162,1
2163,6
2164,2
2165,12
2166,3
2167,1
2168,3
2169,1
2170,3
2171,1
2172,1
2173,6
2174,1
2175,5
2176,1
2177,3
2178,4
2179,2
2180,1
2181,1
2182,1
2183,1
2184,3
2185,8
2186,6
2187,4
2188,5
2189,3
2190,1
2191,7
2192,3
2193,2
2194,1
2195,2
2196,2
2197,6
2198,2
2199,1
2200,11
2201,1
2202,2
2203,1
2204,4
2205,8
2206,1
2207,6
2208,1
2209,7
2210,4
2211,5
2212,1
2213,10
2214,4
2215,1
2216,5
2217,1
2218,6
2219,1
2220,4
2221,2
2222,1
2223,1
2224,1
2225,2
2226,1
2227,3
2228,1
2229,1
2230,4
2231,1
2232,7
2233,6
2234,3
2235,3
2236,7
2237,1
2238,1
2239,1
2240,5
2241,1
2242,3
2243,16
2244,6
2245,2
2246,1
2247,5
2248,3
2249,1
2250,1
2251,7
2252,3
2253,5
2254,6
2255,3
2256,2
2257,2
2258,1
2259,2
2260,4
2261,3
2262,7
2263,2
2264,3
2265,3
2266,3
2267,4
2268,1
2269,2
2270,1
2271,1
2272,2
2273,3
2274,9
2275,3
2276,4
2277,2
2278,3
2279,1
2280,1
2281,1
2282,2
2283,1
2284,1
2285,1
2286,11
2287,1
2288,2
2289,1
2290,3
2291,1
2292,1
2293,2
2294,1
2295,1
2296,1
2297,1
2298,1
2299,1
2300,5
2301,3
2302,2
2303,1
2304,8
2305,2
2306,1
2307,3
2308,1
2309,1
2310,2
2311,6
2312,2
2313,4
2314,15
2315,1
2316,1
2317,2
2318,2
2319,2
2320,7
2321,4
2322,3
2323,1
2324,5
2325,9
2326,5
2327,1
2328,3
2329,1
2330,1
2331,1
2332,3
2333,3
2334,1
2335,1
2336,2
2337,1
2338,1
2339,2
2340,4
2341,1
2342,1
2343,1
2344,9
2345,3
2346,3
2347,1
2348,3
2349,1
2350,3
2351,7
2352,3
2353,6
2354,4
2355,1
2356,7
2357,1
2358,2
2359,1
2360,1
2361,2
2362,1
2363,2
2364,3
2365,1
2366,1
2367,2
2368,1
2369,4
2370,3
2371,6
2372,4
2373,2
2374,3
2375,1
2376,1
2377,5
2378,2
2379,5
2380,5
2381,6
2382,7
2383,2
2384,1
2385,3
2386,1
2387,3
2388,4
2389,3
2390,1
2391,1
2392,2
2393,1
2394,7
2395,1
2396,1
2397,1
2398,3
2399,3
2400,1
2401,1
2402,2
2403,1
2404,3
2405,3
2406,1
2407,1
2408,13
2409,2
2410,3
2411,1
2412,2
2413,1
2414,2
2415,10
2416,1
2417,1
2418,1
2419,1
2420,1
2421,1
2422,4
2423,2
2424,1
2425,7
2426,1
2427,9
2428,1
2429,7
2430,3
2431,5
2432,12
2433,1
2434,10
2435,1
2436,1
2437,1
2438,2
2439,1
2440,2
2441,2
2442,4
2443,5
2444,2
2445,1
2446,1
2447,1
2448,1
2449,1
2450,1
2451,10
2452,2
2453,1
2454,3
2455,1
2456,2
2457,3
2458,2
2459,2
2460,15
2461,6
2462,3
2463,3
2464,3
2465,1
2466,2
2467,1
2468,2
2469,2
2470,1
2471,10
2472,7
2473,4
2474,2
2475,6
2476,1
2477,5
2478,1
2479,5
2480,1
2481,6
2482,9
2483,1
2484,2
2485,12
2486,2
2487,6
2488,3
2489,1
2490,1
2491,1
2492,4
2493,1
2494,2
2495,2
2496,3
2497,6
2498,12
2499,2
2500,5
2501,4
2502,3
2503,9
2504,1
2505,1
2506,6
2507,2
2508,6
2509,7
2510,1
2511,6
2512,2
2513,2
2514,3
2515,8
2516,1
2517,2
2518,3
2519,4
2520,4
2521,1
2522,1
2523,1
2524,5
2525,1
2526,1
2527,9
2528,1
2529,18
2530,3
2531,5
2532,1
2533,1
2534,4
2535,5
2536,4
2537,1
2538,4
2539,4
2540,3
2541,4
2542,6
2543,3
2544,1
2545,2
2546,1
2547,2
2548,2
2549,1
2550,1
2551,1
2552,5
2553,9
2554,1
2555,9
2556,2
2557,1
2558,1
2559,2
2560,5
2561,4
2562,1
2563,1
2564,2
2565,1
2566,1
2567,1
2568,5
2569,8
2570,2
2571,7
2572,1
2573,2
2574,1
2575,3
2576,12
2577,3
2578,1
2579,3
2580,1
2581,7
2582,2
2583,2
2584,3
2585,3
2586,1
2587,3
2588,1
2589,4
2590,5
2591,5
2592,2
2593,2
2594,1
2595,4
2596,1
2597,2
2598,1
2599,1
2600,3
2601,1
2602,4
2603,1
2604,1
2605,2
2606,1
2607,1
2608,4
2609,1
2610,5
2611,1
2612,1
2613,4
2614,1
2615,1
2616,1
2617,1
2618,6
2619,1
2620,5
2621,7
2622,2
2623,7
2624,1
2625,10
2626,1
2627,3
2628,2
2629,1
2630,3
2631,4
2632,1
2633,1
2634,4
2635,3
2636,10
2637,4
2638,9
2639,4
2640,1
2641,1
2642,5
2643,3
2644,1
2645,1
2646,9
2647,2
2648,2
2649,2
2650,1
2651,1
2652,1
2653,1
2654,4
2655,2
2656,5
2657,6
2658,1
2659,3
2660,2
2661,6
2662,1
2663,3
2664,3
2665,1
2666,1
2667,3
2668,4
2669,1
2670,3
2671,2
2672,4
2673,1
2674,7
2675,1
2676,1
2677,1
2678,1
2679,2
2680,1
2681,5
2682,1
2683,1
2684,1
2685,1
2686,1
2687,2
2688,2
2689,2
2690,2
2691,3
2692,1
2693,2
2694,10
2695,2
2696,3
2697,1
2698,4
2699,4
2700,2
2701,11
2702,1
2703,1
2704,4
2705,5
2706,1
2707,1
2708,1
2709,1
2710,4
2711,2
2712,1
2713,1
2714,1
2715,1
2716,3
2717,11
2718,6
2719,1
2720,7
2721,5
2722,5
2723,2
2724,2
2725,1
2726,1
2727,1
2728,1
2729,2
2730,4
2731,2
2732,1
2733,9
2734,9
2735,5
2736,14
2737,2
2738,10
2739,1
2740,1
2741,1
2742,1
2743,1
2744,3
2745,5
2746,3
2747,1
2748,5
2749,3
2750,1
2751,3
2752,1
2753,1
2754,7
2755,1
2756,2
2757,7
2758,4
2759,1
2760,1
2761,1
2762,3
2763,2
2764,1
2765,10
2766,2
2767,1
2768,2
2769,3
2770,1
2771,1
2772,5
2773,2
2774,2
2775,2
2776,1
2777,1
2778,2
2779,1
2780,1
2781,6
2782,12
2783,5
2784,6
2785,1
2786,10
2787,1
2788,9
2789,16
2790,4
2791,12
2792,3
2793,1
2794,2
2795,3
2796,1
2797,3
2798,12
2799,1
2800,5
2801,7
2802,9
2803,10
2804,2
2805,11
2806,4
2807,1
2808,2
2809,4
2810,1
2811,3
2812,3
2813,1
2814,2
2815,4
2816,2
2817,1
2818,1
2819,1
2820,8
2821,1
2822,3
2823,1
2824,1
2825,6
2826,4
2827,1
2828,2
2829,1
2830,2
2831,3
2832,1
2833,1
2834,2
2835,8
2836,15
2837,1
2838,4
2839,1
2840,1
2841,4
2842,8
2843,9
2844,3
2845,1
2846,5
2847,1
2848,2
2849,1
2850,3
2851,1
2852,1
2853,8
2854,1
2855,2
2856,1
2857,1
2858,1
2859,1
2860,6
2861,1
2862,9
2863,3
2864,2
2865,3
2866,2
2867,4
2868,1
2869,1
2870,7
2871,9
2872,7
2873,2
2874,5
2875,2
2876,2
2877,1
2878,3
2879,1
2880,1
2881,6
2882,1
2883,1
2884,1
2885,8
2886,2
2887,2
2888,5
2889,5
2890,1
2891,4
2892,4
2893,3
2894,1
2895,6
2896,2
2897,1
2898,2
2899,1
2900,1
2901,4
2902,1
2903,2
2904,2
2905,1
2906,11
2907,1
2908,1
2909,1
2910,1
2911,1
2912,4
2913,10
2914,1
2915,3
2916,4
2917,6
2918,2
2919,1
2920,1
2921,4
2922,5
2923,1
2924,1
2925,7
2926,5
2927,13
2928,4
2929,1
2930,3
2931,3
2932,1
2933,2
2934,4
2935,1
2936,5
2937,3
2938,9
2939,1
2940,1
2941,3
2942,1
2943,4
2944,4
2945,1
2946,2
2947,2
2948,1
2949,8
2950,5
2951,4
2952,4
2953,2
2954,8
2955,4
2956,4
2957,6
2958,1
2959,5
2960,1
2961,1
2962,1
2963,12
2964,6
2965,4
2966,4
2967,2
2968,9
2969,2
2970,1
2971,1
2972,5
2973,4
2974,1
2975,1
2976,5
2977,1
2978,4
2979,11
2980,2
2981,1
2982,4
2983,5
2984,2
2985,10
2986,1
2987,2
2988,4
2989,6
2990,1
2991,5
2992,2
2993,2
2994,1
2995,6
2996,1
2997,1
2998,1
2999,6
3000,3
3001,5
3002,1
3003,3
3004,3
3005,5
3006,7
3007,1
3008,3
3009,1
3010,2
3011,1
3012,1
3013,1
3014,3
3015,1
3016,4
3017,2
3018,1
3019,5
3020,1
3021,2
3022,3
3023,1
3024,1
3025,1
3026,9
3027,3
3028,3
3029,3
3030,1
3031,2
3032,4
3033,1
3034,1
3035,1
3036,2
3037,12
3038,1
3039,2
3040,1
3041,11
3042,1
3043,2
3044,4
3045,4
3046,2
3047,1
3048,2
3049,1
3050,1
3051,2
3052,1
3053,1
3054,3
3055,10
3056,3
3057,1
3058,1
3059,9
3060,1
3061,1
3062,3
3063,3
3064,3
3065,1
3066,1
3067,10
3068,1
3069,3
3070,4
3071,3
3072,1
3073,1
3074,3
3075,6
3076,9
3077,1
3078,1
3079,9
3080,4
3081,6
3082,1
3083,3
3084,4
3085,3
3086,2
3087,1
3088,3
3089,1
3090,2
3091,9
3092,2
3093,5
3094,1
3095,3
3096,11
3097,1
3098,1
3099,2
3100,1
3101,4
3102,7
3103,2
3104,1
3105,2
3106,4
3107,1
3108,3
3109,3
3110,3
3111,1
3112,4
3113,1
3114,1
3115,6
3116,4
3117,1
3118,1
3119,1
3120,1
3121,1
3122,1
3123,2
3124,4
3125,3
3126,3
3127,1
3128,9
3129,5
3130,5
3131,5
3132,8
3133,2
3134,1
3135,3
3136,4
3137,4
3138,2
3139,1
3140,1
3141,8
3142,3
3143,2
3144,1
3145,1
3146,7
3147,3
3148,5
3149,2
3150,3
3151,1
3152,4
3153,2
3154,2
3155,3
3156,8
3157,1
3158,5
3159,1
3160,2
3161,1
3162,1
3163,2
3164,1
3165,2
3166,8
3167,1
3168,4
3169,2
3170,3
3171,1
3172,1
3173,1
3174,1
3175,1
3176,3
3177,6
3178,5
3179,3
3180,1
3181,1
3182,1
3183,1
3184,2
3185,2
3186,1
3187,1
3188,5
3189,5
3190,1
3191,7
3192,9
3193,1
3194,1
3195,2
3196,8
3197,6
3198,1
3199,1
3200,2
3201,2
3202,1
3203,6
3204,3
3205,5
3206,6
3207,4
3208,2
3209,3
3210,1
3211,3
3212,1
3213,4
3214,1
3215,1
3216,1
3217,1
3218,4
3219,4
3220,2
3221,1
3222,1
3223,1
3224,1
3225,7
3226,1
3227,1
3228,1
3229,1
3230,2
3231,3
3232,1
3233,1
3234,1
3235,1
3236,1
3237,10
3238,3
3239,2
3240,2
3241,2
3242,2
3243,4
3244,4
3245,1
3246,2
3247,2
3248,6
3249,3
3250,2
3251,1
3252,3
3253,1
3254,1
3255,1
3256,4
3257,1
3258,1
3259,7
3260,1
3261,2
3262,2
3263,1
3264,5
3265,1
3266,2
3267,2
3268,3
3269,4
3270,1
3271,1
3272,4
3273,2
3274,5
3275,5
3276,6
3277,2
3278,1
3279,5
3280,2
3281,1
3282,6
3283,6
3284,2
3285,1
3286,1
3287,5
3288,7
3289,1
3290,1
3291,6
3292,1
3293,2
3294,10
3295,1
3296,3
3297,1
3298,1
3299,5
3300,2
3301,18
3302,2
3303,1
3304,1
3305,1
3306,1
3307,1
3308,1
3309,2
3310,4
3311,3
3312,4
3313,1
3314,1
3315,3
3316,2
3317,1
3318,5
3319,4
3320,2
3321,1
3322,4
3323,3
3324,5
3325,4
3326,5
3327,2
3328,1
3329,3
3330,3
3331,4
3332,1
3333,1
3334,7
3335,4
3336,7
3337,4
3338,3
3339,3
3340,7
3341,3
3342,3
3343,1
3344,2
3345,4
3346,1
3347,1
3348,1
3349,1
3350,1
3351,2
3352,7
3353,2
3354,1
3355,1
3356,4
3357,1
3358,5
3359,3
3360,5
3361,1
3362,4
3363,1
3364,8
3365,3
3366,1
3367,1
3368,1
3369,4
3370,1
3371,3
3372,1
3373,3
3374,5
3375,5
3376,4
3377,1
3378,1
3379,4
3380,1
3381,2
3382,1
3383,1
3384,1
3385,6
3386,1
3387,2
3388,1
3389,3
3390,1
3391,7
3392,7
3393,1
3394,7
3395,17
3396,5
3397,6
3398,1
3399,3
3400,1
3401,1
3402,20
3403,1
3404,4
3405,5
3406,6
3407,18
3408,1
3409,1
3410,2
3411,1
3412,1
3413,1
3414,5
3415,3
3416,1
3417,3
3418,1
3419,1
3420,4
3421,3
3422,4
3423,1
3424,5
3425,3
3426,2
3427,3
3428,6
3429,3
3430,3
3431,14
3432,4
3433,2
3434,4
3435,1
3436,1
3437,3
3438,8
3439,8
3440,1
3441,2
3442,1
3443,16
3444,12
3445,3
3446,5
3447,4
3448,3
3449,1
3450,2
3451,3
3452,3
3453,1
3454,9
3455,1
3456,2
3457,4
3458,4
3459,3
3460,1
3461,1
3462,3
3463,3
3464,1
3465,4
3466,2
3467,3
3468,5
3469,1
3470,1
3471,5
3472,3
3473,4
3474,5
3475,5
3476,10
3477,2
3478,2
3479,2
3480,1
3481,3
3482,1
3483,8
3484,3
3485,3
3486,1
3487,1
3488,1
3489,2
3490,1
3491,3
3492,6
3493,6
3494,3
3495,1
3496,6
3497,7
3498,1
3499,4
3500,1
3501,5
3502,18
3503,1
3504,7
3505,3
3506,11
3507,2
3508,6
3509,1
3510,1
3511,1
3512,11
3513,5
3514,6
3515,8
3516,1
3517,1
3518,1
3519,1
3520,1
3521,2
3522,1
3523,1
3524,1
3525,1
3526,11
3527,4
3528,10
3529,2
3530,1
3531,5
3532,1
3533,1
3534,1
3535,1
3536,1
3537,1
3538,3
3539,1
3540,1
3541,5
3542,1
3543,1
3544,6
3545,1
3546,1
3547,2
3548,1
3549,2
3550,5
3551,1
3552,3
3553,2
3554,1
3555,3
3556,1
3557,2
3558,1
3559,2
3560,1
3561,5
3562,1
3563,2
3564,2
3565,4
3566,3
3567,3
3568,5
3569,6
3570,1
3571,2
3572,5
3573,14
3574,7
3575,1
3576,1
3577,2
3578,4
3579,2
3580,2
3581,5
3582,1
3583,6
3584,2
3585,1
3586,2
3587,4
3588,1
3589,1
3590,9
3591,1
3592,3
3593,3
3594,2
3595,3
3596,1
3597,2
3598,1
3599,3
3600,1
3601,3
3602,1
3603,1
3604,1
3605,1
3606,5
3607,1
3608,8
3609,11
3610,3
3611,1
3612,1
3613,5
3614,1
3615,1
3616,2
3617,6
3618,5
3619,1
3620,3
3621,1
3622,1
3623,6
3624,1
3625,1
3626,1
3627,6
3628,5
3629,3
3630,4
3631,1
3632,2
3633,1
3634,1
3635,2
3636,8
3637,1
3638,1
3639,1
3640,1
3641,7
3642,2
3643,2
3644,4
3645,1
3646,2
3647,2
3648,3
3649,23
3650,4
3651,2
3652,5
3653,1
3654,1
3655,1
3656,1
3657,2
3658,3
3659,7
3660,2
3661,2
3662,1
3663,1
3664,2
3665,2
3666,5
3667,1
3668,1
3669,2
3670,1
3671,1
3672,4
3673,1
3674,3
3675,1
3676,1
3677,1
3678,5
3679,1
3680,4
3681,1
3682,4
3683,1
3684,3
3685,3
3686,8
3687,1
3688,1
3689,1
3690,5
3691,2
3692,4
3693,1
3694,1
3695,1
3696,10
3697,3
3698,8
3699,1
3700,3
3701,3
3702,1
3703,6
3704,9
3705,6
3706,4
3707,1
3708,1
3709,10
3710,1
3711,4
3712,4
3713,3
3714,14
3715,1
3716,1
3717,1
3718,2
3719,1
3720,1
3721,5
3722,8
3723,1
3724,1
3725,8
3726,1
3727,1
3728,1
3729,3
3730,1
3731,10
3732,2
3733,2
3734,1
3735,2
3736,3
3737,4
3738,4
3739,3
3740,7
3741,5
3742,4
3743,1
3744,1
3745,1
3746,3
3747,2
3748,2
3749,6
3750,7
3751,7
3752,1
3753,4
3754,1
3755,1
3756,1
3757,1
3758,2
3759,5
3760,1
3761,4
3762,2
3763,1
3764,2
3765,1
3766,3
3767,2
3768,1
3769,1
3770,2
3771,7
3772,1
3773,4
3774,3
3775,8
3776,5
3777,3
3778,3
3779,7
3780,2
3781,1
3782,1
3783,5
3784,5
3785,1
3786,3
3787,2
3788,1
3789,12
3790,1
3791,1
3792,3
3793,4
3794,1
3795,3
3796,2
3797,1
3798,1
3799,3
3800,1
3801,8
3802,5
3803,12
3804,1
3805,10
3806,2
3807,1
3808,1
3809,1
3810,4
3811,2
3812,1
3813,3
3814,1
3815,3
3816,1
3817,5
3818,5
3819,2
3820,1
3821,1
3822,5
3823,1
3824,1
3825,1
3826,2
3827,2
3828,6
3829,1
3830,1
3831,5
3832,5
3833,1
3834,2
3835,1
3836,8
3837,1
3838,8
3839,3
3840,2
3841,1
3842,2
3843,2
3844,1
3845,3
3846,11
3847,2
3848,4
3849,1
3850,2
3851,1
3852,3
3853,8
3854,3
3855,1
3856,1
3857,2
3858,2
3859,5
3860,5
3861,3
3862,1
3863,1
3864,1
3865,1
3866,2
3867,3
3868,3
3869,1
3870,2
3871,1
3872,1
3873,5
3874,1
3875,2
3876,1
3877,6
3878,2
3879,1
3880,2
3881,4
3882,10
3883,1
3884,7
3885,8
3886,7
3887,3
3888,3
3889,2
3890,4
3891,2
3892,3
3893,2
3894,4
3895,5
3896,1
3897,5
3898,2
3899,6
3900,2
3901,1
3902,7
3903,1
3904,6
3905,2
3906,2
3907,1
3908,3
3909,1
3910,1
3911,1
3912,1
3913,11
3914,10
3915,2
3916,4
3917,1
3918,3
3919,5
3920,9
3921,2
3922,5
3923,1
3924,14
3925,1
3926,3
3927,3
3928,3
3929,1
3930,8
3931,1
3932,3
3933,1
3934,1
3935,2
3936,2
3937,1
3938,1
3939,2
3940,4
3941,7
3942,1
3943,1
3944,1
3945,1
3946,3
3947,3
3948,1
3949,1
3950,1
3951,5
3952,11
3953,1
3954,1
3955,6
3956,8
3957,2
3958,1
3959,1
3960,3
3961,1
3962,1
3963,3
3964,1
3965,5
3966,1
3967,1
3968,3
3969,2
3970,11
3971,2
3972,1
3973,4
3974,1
3975,7
3976,1
3977,2
3978,1
3979,2
3980,5
3981,5
3982,1
3983,1
3984,5
3985,8
3986,1
3987,2
3988,1
3989,6
3990,1
3991,1
3992,4
3993,1
3994,2
3995,2
3996,1
3997,2
3998,2
3999,1
4000,3
4001,5
4002,4
4003,1
4004,1
4005,1
4006,1
4007,2
4008,3
4009,1
4010,1
4011,1
4012,4
4013,1
4014,3
4015,1
4016,7
4017,7
4018,1
4019,1
4020,2
4021,1
4022,3
4023,5
4024,3
4025,5
4026,2
4027,1
4028,4
4029,1
4030,3
4031,1
4032,1
4033,15
4034,1
4035,13
4036,11
4037,5
4038,3
4039,3
4040,6
4041,1
4042,2
4043,3
4044,2
4045,2
4046,1
4047,2
4048,6
4049,1
4050,8
4051,4
4052,5
4053,2
4054,5
4055,1
4056,5
4057,1
4058,7
4059,14
4060,1
4061,1
4062,4
4063,1
4064,6
4065,1
4066,1
4067,12
4068,3
4069,6
4070,1
4071,3
4072,3
4073,3
4074,3
4075,3
4076,2
4077,1
4078,4
4079,1
4080,4
4081,1
4082,3
4083,4
4084,1
4085,1
4086,1
4087,3
4088,6
4089,1
4090,4
4091,1
4092,2
4093,8
4094,1
4095,2
4096,1
4097,1
4098,1
4099,1
4100,3
4101,2
4102,2
4103,1
4104,1
4105,3
4106,10
4107,1
4108,7
4109,3
4110,2
4111,2
4112,1
4113,1
4114,3
4115,1
4116,7
4117,2
4118,1
4119,4
4120,1
4121,2
4122,4
4123,7
4124,5
4125,3
4126,3
4127,9
4128,1
4129,1
4130,1
4131,1
4132,3
4133,3
4134,3
4135,1
4136,4
4137,1
4138,3
4139,2
4140,1
4141,1
4142,1
4143,5
4144,8
4145,3
4146,1
4147,2
4148,4
4149,5
4150,1
4151,1
4152,4
4153,1
4154,1
4155,1
4156,2
4157,6
4158,9
4159,3
4160,2
4161,1
4162,2
4163,1
4164,3
4165,1
4166,1
4167,1
4168,1
4169,1
4170,1
4171,13
4172,2
4173,2
4174,6
4175,16
4176,3
4177,5
4178,1
4179,1
4180,2
4181,3
4182,3
4183,1
4184,1
4185,3
4186,1
4187,3
4188,4
4189,4
4190,4
4191,6
4192,2
4193,4
4194,3
4195,1
4196,1
4197,1
4198,2
4199,3
4200,6
4201,1
4202,1
4203,10
4204,1
4205,2
4206,3
4207,2
4208,1
4209,1
4210,1
4211,3
4212,2
4213,1
4214,3
4215,5
4216,1
4217,2
4218,4
4219,1
4220,1
4221,3
4222,7
4223,5
4224,3
4225,4
4226,1
4227,3
4228,2
4229,1
4230,4
4231,2
4232,1
4233,7
4234,1
4235,1
4236,1
4237,4
4238,4
4239,1
4240,3
4241,2
4242,4
4243,2
4244,2
4245,8
4246,1
4247,1
4248,3
4249,10
4250,1
4251,1
4252,1
4253,2
4254,1
4255,3
4256,18
4257,2
4258,1
4259,2
4260,1
4261,6
4262,2
4263,1
4264,3
4265,2
4266,3
4267,1
4268,5
4269,8
4270,3
4271,9
4272,1
4273,2
4274,3
4275,3
4276,2
4277,1
4278,1
4279,1
4280,1
4281,4
4282,1
4283,1
4284,2
4285,3
4286,6
4287,3
4288,1
4289,5
4290,2
4291,1
4292,3
4293,7
4294,2
4295,1
4296,1
4297,1
4298,2
4299,3
4300,1
4301,8
4302,4
4303,3
4304,5
4305,1
4306,2
4307,3
4308,5
4309,5
4310,1
4311,8
4312,1
4313,6
4314,11
4315,1
4316,4
4317,1
4318,2
4319,2
4320,3
4321,8
4322,3
4323,2
4324,5
4325,9
4326,1
4327,12
4328,1
4329,5
4330,1
4331,1
4332,2
4333,3
4334,1
4335,1
4336,3
4337,7
4338,1
4339,1
4340,2
4341,1
4342,5
4343,5
4344,3
4345,1
4346,5
4347,2
4348,5
4349,3
4350,5
4351,3
4352,2
4353,10
4354,2
4355,3
4356,1
4357,3
4358,3
4359,1
4360,1
4361,3
4362,4
4363,2
4364,1
4365,3
4366,1
4367,2
4368,1
4369,1
4370,1
4371,1
4372,1
4373,2
4374,2
4375,2
4376,1
4377,5
4378,1
4379,2
4380,1
4381,1
4382,3
4383,3
4384,6
4385,2
4386,10
4387,1
4388,1
4389,1
4390,1
4391,2
4392,3
4393,1
4394,9
4395,6
4396,1
4397,1
4398,1
4399,1
4400,1
4401,2
4402,1
4403,1
4404,14
4405,3
4406,9
4407,1
4408,1
4409,2
4410,1
4411,1
4412,3
4413,3
4414,2
4415,2
4416,2
4417,1
4418,1
4419,1
4420,1
4421,9
4422,3
4423,4
4424,1
4425,1
4426,1
4427,1
4428,1
4429,5
4430,3
4431,2
4432,2
4433,8
4434,1
4435,1
4436,1
4437,5
4438,15
4439,1
4440,6
4441,5
4442,1
4443,2
4444,2
4445,11
4446,1
4447,5
4448,1
4449,4
4450,2
4451,3
4452,5
4453,5
4454,6
4455,1
4456,4
4457,1
4458,2
4459,2
4460,2
4461,2
4462,17
4463,1
4464,3
4465,2
4466,1
4467,1
4468,9
4469,6
4470,7
4471,14
4472,1
4473,1
4474,3
4475,2
4476,2
4477,1
4478,3
4479,3
4480,1
4481,2
4482,2
4483,3
4484,1
4485,4
4486,1
4487,1
4488,5
4489,2
4490,1
4491,4
4492,3
4493,5
4494,4
4495,3
4496,2
4497,1
4498,1
4499,2
4500,3
4501,2
4502,1
4503,1
4504,2
4505,1
4506,4
4507,1
4508,3
4509,9
4510,1
4511,2
4512,1
4513,3
4514,2
4515,2
4516,2
4517,7
4518,1
4519,1
4520,6
4521,3
4522,7
4523,3
4524,5
4525,2
4526,4
4527,7
4528,3
4529,1
4530,1
4531,1
4532,1
4533,1
4534,2
4535,3
4536,2
4537,3
4538,1
4539,1
4540,1
4541,2
4542,1
4543,1
4544,2
4545,5
4546,1
4547,3
4548,3
4549,5
4550,8
4551,1
4552,1
4553,7
4554,2
4555,2
4556,3
4557,3
4558,8
4559,17
4560,4
4561,1
4562,6
4563,1
4564,1
4565,7
4566,1
4567,1
4568,1
4569,6
4570,2
4571,3
4572,1
4573,4
4574,4
4575,1
4576,2
4577,1
4578,11
4579,3
4580,8
4581,1
4582,5
4583,4
4584,4
4585,10
4586,2
4587,1
4588,3
4589,4
4590,3
4591,1
4592,2
4593,1
4594,2
4595,3
4596,4
4597,1
4598,2
4599,1
4600,1
4601,5
4602,7
4603,1
4604,4
4605,7
4606,6
4607,1
4608,9
4609,1
4610,1
4611,1
4612,2
4613,1
4614,1
4615,1
4616,5
4617,6
4618,1
4619,6
4620,6
4621,4
4622,1
4623,4
4624,9
4625,3
4626,1
4627,2
4628,3
4629,2
4630,1
4631,1
4632,5
4633,6
4634,1
4635,9
4636,1
4637,3
4638,4
4639,5
4640,9
4641,1
4642,6
4643,1
4644,4
4645,4
4646,3
4647,1
4648,6
4649,1
4650,1
4651,4
4652,2
4653,6
4654,1
4655,1
4656,5
4657,2
4658,1
4659,4
4660,2
4661,3
4662,2
4663,5
4664,5
4665,4
4666,1
4667,5
4668,3
4669,4
4670,1
4671,6
4672,4
4673,1
4674,2
4675,7
4676,1
4677,10
4678,3
4679,3
4680,1
4681,1
4682,9
4683,1
4684,4
4685,1
4686,1
4687,1
4688,2
4689,11
4690,1
4691,1
4692,1
4693,2
4694,2
4695,6
4696,2
4697,2
4698,1
4699,12
4700,1
4701,1
4702,3
4703,3
4704,2
4705,2
4706,5
4707,1
4708,5
4709,3
4710,2
4711,2
4712,1
4713,4
4714,2
4715,1
4716,3
4717,16
4718,2
4719,8
4720,1
4721,1
4722,1
4723,2
4724,1
4725,1
4726,7
4727,6
4728,4
4729,1
4730,1
4731,1
4732,4
4733,8
4734,2
4735,1
4736,2
4737,1
4738,1
4739,3
4740,4
4741,1
4742,1
4743,16
4744,1
4745,1
4746,1
4747,1
4748,1
4749,5
4750,1
4751,2
4752,3
4753,2
4754,6
4755,6
4756,1
4757,5
4758,2
4759,13
4760,2
4761,13
4762,4
4763,1
4764,2
4765,15
4766,6
4767,1
4768,4
4769,1
4770,1
4771,2
4772,1
4773,5
4774,1
4775,5
4776,1
4777,1
4778,1
4779,1
4780,1
4781,1
4782,2
4783,1
4784,2
4785,1
4786,6
4787,7
4788,2
4789,1
4790,1
4791,9
4792,1
4793,1
4794,1
4795,1
4796,1
4797,5
4798,1
4799,3
4800,1
4801,1
4802,7
4803,1
4804,5
4805,2
4806,1
4807,9
4808,1
4809,6
4810,1
4811,6
4812,1
4813,2
4814,4
4815,8
4816,7
4817,5
4818,7
4819,1
4820,1
4821,1
4822,1
4823,1
4824,2
4825,1
4826,4
4827,1
4828,1
4829,2
4830,5
4831,4
4832,3
4833,1
4834,2
4835,1
4836,1
4837,2
4838,1
4839,1
4840,9
4841,9
4842,1
4843,1
4844,1
4845,1
4846,9
4847,1
4848,4
4849,1
4850,12
4851,1
4852,4
4853,1
4854,3
4855,1
4856,1
4857,8
4858,7
4859,7
4860,3
4861,5
4862,1
4863,1
4864,1
4865,3
4866,1
4867,1
4868,3
4869,5
4870,1
4871,1
4872,1
4873,1
4874,1
4875,3
4876,3
4877,4
4878,1
4879,5
4880,1
4881,2
4882,5
4883,1
4884,1
4885,6
4886,1
4887,3
4888,1
4889,4
4890,1
4891,1
4892,3
4893,1
4894,1
4895,1
4896,1
4897,1
4898,1
4899,7
4900,1
4901,2
4902,1
4903,1
4904,8
4905,1
4906,10
4907,1
4908,4
4909,2
4910,6
4911,2
4912,2
4913,1
4914,1
4915,7
4916,1
4917,1
4918,4
4919,1
4920,9
4921,4
4922,3
4923,6
4924,1
4925,1
4926,2
4927,1
4928,4
4929,8
4930,2
4931,1
4932,10
4933,2
4934,2
4935,1
4936,7
4937,3
4938,4
4939,5
4940,1
4941,2
4942,6
4943,1
4944,5
4945,8
4946,3
4947,4
4948,5
4949,6
4950,2
4951,1
4952,2
4953,3
4954,2
4955,4
4956,1
4957,3
4958,1
4959,4
4960,2
4961,1
4962,1
4963,4
4964,2
4965,1
4966,10
4967,4
4968,9
4969,2
4970,2
4971,7
4972,2
4973,4
4974,1
4975,2
4976,1
4977,1
4978,1
4979,1
4980,11
4981,1
4982,3
4983,5
4984,2
4985,1
4986,4
4987,3
4988,4
4989,4
4990,11
4991,3
4992,1
4993,3
4994,1
4995,7
4996,1
4997,1
4998,5
4999,3
5000,2
5001,2
5002,6
5003,1
5004,6
5005,1
5006,4
5007,6
5008,1
5009,2
5010,1
5011,4
5012,2
5013,3
5014,1
5015,1
5016,1
5017,1
5018,2
5019,6
5020,3
5021,2
5022,9
5023,4
5024,8
5025,2
5026,1
5027,1
5028,4
5029,1
5030,1
5031,2
5032,2
5033,3
5034,1
5035,1
5036,3
5037,11
5038,4
5039,8
5040,4
5041,3
5042,1
5043,3
5044,3
5045,3
5046,2
5047,2
5048,1
5049,2
5050,1
5051,5
5052,1
5053,1
5054,2
5055,3
5056,2
5057,1
5058,2
5059,1
5060,8
5061,8
5062,2
5063,1
5064,4
5065,1
5066,2
5067,1
5068,8
5069,1
5070,2
5071,4
5072,2
5073,1
5074,11
5075,2
5076,3
5077,1
5078,2
5079,2
5080,1
5081,1
5082,5
5083,1
5084,1
5085,2
5086,4
5087,1
5088,3
5089,1
5090,1
5091,1
5092,5
5093,1
5094,1
5095,2
5096,6
5097,1
5098,2
5099,1
5100,2
5101,3
5102,3
5103,1
5104,1
5105,1
5106,1
5107,1
5108,4
5109,10
5110,11
5111,6
5112,3
5113,4
5114,1
5115,3
5116,2
5117,2
5118,4
5119,1
5120,1
5121,8
5122,1
5123,2
5124,7
5125,3
5126,2
5127,1
5128,1
5129,6
5130,2
5131,2
5132,1
5133,1
5134,10
5135,1
5136,3
5137,1
5138,3
5139,8
5140,3
5141,1
5142,3
5143,4
5144,2
5145,6
5146,3
5147,7
5148,3
5149,1
5150,1
5151,1
5152,7
5153,4
5154,3
5155,1
5156,1
5157,4
5158,2
5159,1
5160,3
5161,1
5162,1
5163,2
5164,1
5165,13
5166,1
5167,1
5168,1
5169,4
5170,2
5171,3
5172,1
5173,1
5174,2
5175,5
5176,6
5177,1
5178,2
5179,7
5180,1
5181,5
5182,1
5183,8
5184,4
5185,9
5186,3
5187,1
5188,8
5189,1
5190,1
5191,4
5192,4
5193,8
5194,1
5195,5
5196,4
5197,1
5198,1
5199,1
5200,1
5201,12
5202,3
5203,4
5204,11
5205,1
5206,5
5207,2
5208,6
5209,1
5210,9
5211,1
5212,1
5213,4
5214,2
5215,3
5216,2
5217,4
5218,1
5219,1
5220,1
5221,2
5222,1
5223,1
5224,2
5225,1
5226,3
5227,6
5228,1
5229,3
5230,3
5231,2
5232,4
5233,2
5234,2
5235,1
5236,4
5237,3
5238,1
5239,1
5240,12
5241,2
5242,2
5243,7
5244,4
5245,3
5246,5
5247,6
5248,2
5249,2
5250,1
5251,10
5252,4
5253,1
5254,6
5255,2
5256,1
5257,2
5258,2
5259,6
5260,1
5261,5
5262,2
5263,1
5264,11
5265,2
5266,1
5267,2
5268,6
5269,1
5270,1
5271,1
5272,1
5273,5
5274,2
5275,1
5276,1
5277,1
5278,8
5279,1
5280,13
5281,2
5282,1
5283,7
5284,2
5285,4
5286,12
5287,1
5288,1
5289,4
5290,1
5291,1
5292,1
5293,1
5294,4
5295,1
5296,2
5297,3
5298,2
5299,1
5300,5
5301,1
5302,4
5303,7
5304,2
5305,2
5306,2
5307,1
5308,7
5309,7
5310,1
5311,3
5312,8
5313,10
5314,2
5315,2
5316,1
5317,10
5318,1
5319,3
5320,1
5321,1
5322,2
5323,20
5324,1
5325,3
5326,1
5327,1
5328,2
5329,2
5330,1
5331,1
5332,1
5333,1
5334,10
5335,9
5336,1
5337,3
5338,7
5339,1
5340,5
5341,9
5342,1
5343,1
5344,10
5345,2
5346,1
5347,1
5348,2
5349,4
5350,4
5351,16
5352,1
5353,2
5354,2
5355,2
5356,1
5357,11
5358,6
5359,2
5360,3
5361,1
5362,2
5363,4
5364,2
5365,14
5366,3
5367,1
5368,4
5369,1
5370,1
5371,1
5372,2
5373,5
5374,2
5375,5
5376,3
5377,1
5378,5
5379,1
5380,1
5381,2
5382,1
5383,1
5384,3
5385,2
5386,2
5387,10
5388,3
5389,6
5390,1
5391,3
5392,6
5393,3
5394,4
5395,1
5396,1
5397,2
5398,2
5399,6
5400,1
5401,10
5402,10
5403,1
5404,1
5405,7
5406,10
5407,2
5408,1
5409,2
5410,3
5411,1
5412,4
5413,1
5414,1
5415,1
5416,1
5417,1
5418,2
5419,1
5420,1
5421,1
5422,11
5423,2
5424,2
5425,3
5426,12
5427,1
5428,3
5429,4
5430,3
5431,1
5432,3
5433,1
5434,3
5435,4
5436,1
5437,6
5438,1
5439,6
5440,2
5441,1
5442,1
5443,9
5444,1
5445,1
5446,1
5447,3
5448,2
5449,1
5450,1
5451,1
5452,1
5453,2
5454,4
5455,1
5456,1
5457,1
5458,11
5459,9
5460,5
5461,1
5462,1
5463,1
5464,1
5465,2
5466,5
5467,6
5468,6
5469,1
5470,3
5471,1
5472,1
5473,4
5474,1
5475,2
5476,1
5477,4
5478,4
5479,1
5480,5
5481,1
5482,2
5483,4
5484,4
5485,13
5486,1
5487,3
5488,3
5489,7
5490,1
5491,4
5492,3
5493,1
5494,2
5495,1
5496,3
5497,7
5498,3
5499,3
5500,2
5501,1
5502,1
5503,2
5504,1
5505,1
5506,2
5507,1
5508,1
5509,2
5510,1
5511,8
5512,6
5513,4
5514,1
5515,4
5516,5
5517,4
5518,1
5519,3
5520,5
5521,3
5522,3
5523,2
5524,2
5525,1
5526,3
5527,1
5528,2
5529,1
5530,2
5531,1
5532,4
5533,5
5534,1
5535,1
5536,1
5537,6
5538,2
5539,2
5540,1
5541,3
5542,6
5543,5
5544,3
5545,1
5546,1
5547,1
5548,1
5549,1
5550,1
5551,1
5552,9
5553,3
5554,5
5555,4
5556,1
5557,4
5558,1
5559,3
5560,1
5561,18
5562,1
5563,1
5564,8
5565,1
5566,4
5567,4
5568,5
5569,11
5570,11
5571,1
5572,5
5573,3
5574,3
5575,1
5576,3
5577,12
5578,7
5579,2
5580,1
5581,1
5582,5
5583,4
5584,2
5585,1
5586,2
5587,2
5588,8
5589,3
5590,1
5591,2
5592,1
5593,11
5594,1
5595,2
5596,1
5597,3
5598,3
5599,4
5600,1
5601,1
5602,1
5603,3
5604,1
5605,3
5606,6
5607,7
5608,2
5609,2
5610,1
5611,3
5612,5
5613,1
5614,2
5615,5
5616,6
5617,1
5618,2
5619,1
5620,1
5621,7
5622,5
5623,4
5624,1
5625,6
5626,2
5627,1
5628,2
5629,1
5630,4
5631,3
5632,1
5633,1
5634,1
5635,1
5636,3
5637,6
5638,1
5639,1
5640,3
5641,5
5642,1
5643,1
5644,3
5645,1
5646,1
5647,4
5648,3
5649,3
5650,4
5651,3
5652,1
5653,1
5654,1
5655,1
5656,3
5657,6
5658,10
5659,3
5660,1
5661,1
5662,5
5663,3
5664,3
5665,5
5666,4
5667,5
5668,1
5669,4
5670,6
5671,1
5672,3
5673,1
5674,10
5675,1
5676,3
5677,1
5678,4
5679,1
5680,1
5681,2
5682,7
5683,1
5684,1
5685,4
5686,2
5687,7
5688,1
5689,3
5690,1
5691,1
5692,3
5693,3
5694,4
5695,1
5696,2
5697,2
5698,12
5699,1
5700,1
5701,1
5702,2
5703,1
5704,7
5705,1
5706,7
5707,1
5708,3
5709,7
5710,1
5711,10
5712,2
5713,9
5714,3
5715,1
5716,1
5717,1
5718,1
5719,1
5720,1
5721,2
5722,5
5723,1
5724,1
5725,3
5726,1
5727,1
5728,1
5729,8
5730,5
5731,1
5732,3
5733,2
5734,3
5735,3
5736,3
5737,1
5738,1
5739,2
5740,7
5741,3
5742,5
5743,14
5744,1
5745,4
5746,3
5747,12
5748,13
5749,3
5750,1
5751,5
5752,1
5753,5
5754,7
5755,1
5756,3
5757,2
5758,2
5759,1
5760,4
5761,8
5762,8
5763,1
5764,6
5765,4
5766,1
5767,1
5768,1
5769,7
5770,3
5771,4
5772,1
5773,4
5774,1
5775,1
5776,3
5777,1
5778,5
5779,1
5780,3
5781,2
5782,3
5783,1
5784,1
5785,7
5786,1
5787,5
5788,22
5789,1
5790,1
5791,3
5792,10
5793,7
5794,2
5795,5
5796,1
5797,11
5798,10
5799,1
5800,1
5801,1
5802,1
5803,5
5804,1
5805,1
5806,1
5807,12
5808,3
5809,2
5810,1
5811,13
5812,5
5813,1
5814,1
5815,1
5816,1
5817,3
5818,8
5819,2
5820,6
5821,2
5822,4
5823,4
5824,1
5825,1
5826,3
5827,1
5828,1
5829,2
5830,17
5831,2
5832,5
5833,2
5834,5
5835,3
5836,7
5837,2
5838,3
5839,3
5840,2
5841,1
5842,1
5843,1
5844,6
5845,1
5846,1
5847,4
5848,1
5849,2
5850,1
5851,10
5852,6
5853,6
5854,2
5855,4
5856,1
5857,1
5858,1
5859,3
5860,2
5861,2
5862,1
5863,2
5864,4
5865,2
5866,4
5867,1
5868,5
5869,3
5870,1
5871,1
5872,3
5873,5
5874,2
5875,1
5876,6
5877,3
5878,2
5879,2
5880,1
5881,3
5882,1
5883,16
5884,2
5885,2
5886,3
5887,7
5888,5
5889,2
5890,4
5891,3
5892,2
5893,1
5894,2
5895,1
5896,7
5897,1
5898,9
5899,2
5900,3
5901,2
5902,1
5903,1
5904,1
5905,3
5906,2
5907,5
5908,1
5909,1
5910,2
5911,8
5912,4
5913,2
5914,2
5915,1
5916,13
5917,3
5918,1
5919,3
5920,1
5921,10
5922,1
5923,3
5924,1
5925,4
5926,4
5927,3
5928,3
5929,7
5930,1
5931,1
5932,1
5933,13
5934,1
5935,4
5936,3
5937,1
5938,1
5939,1
5940,2
5941,1
5942,1
5943,6
5944,10
5945,1
5946,1
5947,1
5948,3
5949,5
5950,1
5951,1
5952,5
5953,3
5954,1
5955,3
5956,1
5957,1
5958,4
5959,5
5960,2
5961,9
5962,2
5963,4
5964,2
5965,7
5966,7
5967,1
5968,8
5969,5
5970,5
5971,1
5972,5
5973,6
5974,1
5975,9
5976,1
5977,1
5978,2
5979,3
5980,3
5981,1
5982,10
5983,1
5984,1
5985,1
5986,3
5987,8
5988,3
5989,5
5990,1
5991,2
5992,2
5993,2
5994,1
5995,3
5996,2
5997,4
5998,2
5999,1
6000,3
6001,1
6002,6
6003,3
6004,1
6005,10
6006,2
6007,1
6008,3
6009,1
6010,5
6011,5
6012,12
6013,2
6014,2
6015,4
6016,1
6017,2
6018,2
6019,1
6020,2
6021,6
6022,6
6023,1
6024,1
6025,1
6026,6
6027,1
6028,4
6029,1
6030,3
6031,1
6032,5
6033,1
6034,3
6035,1
6036,4
6037,6
6038,1
6039,6
6040,3
6041,1
6042,2
6043,1
6044,4
6045,4
6046,1
6047,2
6048,5
6049,8
6050,2
6051,9
6052,2
6053,2
6054,6
6055,2
6056,2
6057,2
6058,6
6059,5
6060,2
6061,1
6062,2
6063,3
6064,1
6065,5
6066,2
6067,1
6068,1
6069,1
6070,9
6071,1
6072,1
6073,2
6074,1
6075,1
6076,1
6077,2
6078,2
6079,1
6080,2
6081,10
6082,1
6083,1
6084,1
6085,2
6086,4
6087,1
6088,4
6089,1
6090,2
6091,4
6092,1
6093,2
6094,1
6095,4
6096,1
6097,6
6098,1
6099,6
6100,1
6101,4
6102,1
6103,7
6104,1
6105,1
6106,2
6107,1
6108,1
6109,9
6110,11
6111,1
6112,8
6113,2
6114,1
6115,4
6116,3
6117,14
6118,1
6119,3
6120,1
6121,1
6122,1
6123,23
6124,5
6125,5
6126,2
6127,1
6128,1
6129,1
6130,1
6131,4
6132,2
6133,1
6134,1
6135,1
6136,2
6137,8
6138,3
6139,5
6140,2
6141,1
6142,1
6143,6
6144,5
6145,1
6146,2
6147,2
6148,3
6149,9
6150,3
6151,2
6152,1
6153,1
6154,1
6155,1
6156,4
6157,4
6158,1
6159,5
6160,1
6161,1
6162,1
6163,1
6164,1
6165,2
6166,2
6167,13
6168,1
6169,1
6170,1
6171,3
6172,1
6173,5
6174,2
6175,2
6176,2
6177,1
6178,1
6179,1
6180,3
6181,1
6182,1
6183,11
6184,1
6185,5
6186,5
6187,1
6188,1
6189,1
6190,4
6191,3
6192,5
6193,8
6194,4
6195,1
6196,1
6197,6
6198,1
6199,1
6200,4
6201,2
6202,8
6203,3
6204,1
6205,9
6206,1
6207,1
6208,2
6209,1
6210,2
6211,1
6212,2
6213,1
6214,4
6215,5
6216,1
6217,1
6218,1
6219,1
6220,5
6221,4
6222,1
6223,1
6224,1
6225,3
6226,1
6227,13
6228,5
6229,1
6230,3
6231,7
6232,2
6233,1
6234,1
6235,6
6236,3
6237,3
6238,6
6239,7
6240,8
6241,1
6242,2
6243,4
6244,4
6245,3
6246,1
6247,5
6248,4
6249,1
6250,2
6251,1
6252,1
6253,1
6254,2
6255,2
6256,3
6257,3
6258,5
6259,1
6260,1
6261,6
6262,1
6263,11
6264,6
6265,2
6266,12
6267,1
6268,1
6269,3
6270,1
6271,8
6272,1
6273,2
6274,3
6275,3
6276,1
6277,1
6278,6
6279,1
6280,5
6281,2
6282,4
6283,4
6284,1
6285,3
6286,6
6287,2
6288,10
6289,2
6290,1
6291,1
6292,9
6293,1
6294,6
6295,6
6296,1
6297,1
6298,4
6299,1
6300,5
6301,2
6302,2
6303,5
6304,1
6305,2
6306,1
6307,1
6308,2
6309,5
6310,1
6311,2
6312,3
6313,1
6314,1
6315,8
6316,4
6317,3
6318,3
6319,1
6320,3
6321,2
6322,2
6323,1
6324,1
6325,1
6326,9
6327,2
6328,2
6329,1
6330,1
6331,4
6332,2
6333,2
6334,1
6335,4
6336,1
6337,1
6338,2
6339,1
6340,1
6341,3
6342,3
6343,5
6344,2
6345,1
6346,1
6347,12
6348,3
6349,4
6350,1
6351,2
6352,1
6353,3
6354,8
6355,10
6356,2
6357,2
6358,9
6359,3
6360,1
6361,2
6362,1
6363,2
6364,2
6365,3
6366,1
6367,1
6368,2
6369,5
6370,3
6371,1
6372,8
6373,7
6374,1
6375,1
6376,4
6377,5
6378,10
6379,7
6380,3
6381,2
6382,1
6383,1
6384,2
6385,3
6386,2
6387,4
6388,1
6389,2
6390,1
6391,2
6392,4
6393,4
6394,14
6395,1
6396,2
6397,1
6398,2
6399,6
6400,3
6401,6
6402,1
6403,6
6404,1
6405,7
6406,1
6407,1
6408,2
6409,8
6410,1
6411,1
6412,6
6413,2
6414,1
6415,2
6416,1
6417,7
6418,4
6419,2
6420,13
6421,2
6422,1
6423,1
6424,2
6425,1
6426,9
6427,4
6428,1
6429,3
6430,4
6431,9
6432,6
6433,2
6434,4
6435,2
6436,2
6437,1
6438,1
6439,2
6440,1
6441,1
6442,4
6443,1
6444,3
6445,2
6446,10
6447,2
6448,1
6449,2
6450,6
6451,17
6452,2
6453,1
6454,7
6455,1
6456,3
6457,2
6458,1
6459,1
6460,1
6461,3
6462,9
6463,1
6464,5
6465,1
6466,2
6467,1
6468,8
6469,4
6470,3
6471,5
6472,3
6473,10
6474,4
6475,8
6476,2
6477,1
6478,2
6479,1
6480,3
6481,2
6482,3
6483,1
6484,1
6485,2
6486,9
6487,1
6488,2
6489,4
6490,3
6491,1
6492,2
6493,1
6494,10
6495,1
6496,1
6497,1
6498,1
6499,5
6500,1
6501,1
6502,2
6503,1
6504,1
6505,5
6506,4
6507,7
6508,6
6509,3
6510,1
6511,5
6512,6
6513,5
6514,2
6515,1
6516,6
6517,4
6518,12
6519,1
6520,1
6521,1
6522,5
6523,1
6524,1
6525,20
6526,1
6527,5
6528,1
6529,6
6530,2
6531,7
6532,8
6533,1
6534,1
6535,1
6536,3
6537,7
6538,2
6539,3
6540,1
6541,5
6542,10
6543,1
6544,2
6545,1
6546,2
6547,2
6548,1
6549,2
6550,1
6551,2
6552,3
6553,1
6554,4
6555,4
6556,1
6557,1
6558,4
6559,9
6560,1
6561,1
6562,1
6563,3
6564,1
6565,1
6566,4
6567,2
6568,1
6569,2
6570,2
6571,1
6572,1
6573,6
6574,1
6575,4
6576,8
6577,1
6578,1
6579,3
6580,6
6581,9
6582,4
6583,1
6584,3
6585,2
6586,2
6587,1
6588,1
6589,5
6590,2
6591,1
6592,1
6593,6
6594,4
6595,1
6596,1
6597,1
6598,8
6599,3
6600,2
6601,3
6602,1
6603,5
6604,2
6605,1
6606,1
6607,2
6608,8
6609,1
6610,6
6611,4
6612,1
6613,1
6614,1
6615,4
6616,1
6617,1
6618,2
6619,4
6620,1
6621,2
6622,2
6623,2
6624,5
6625,1
6626,5
6627,4
6628,2
6629,4
6630,2
6631,1
6632,3
6633,2
6634,3
6635,1
6636,7
6637,3
6638,1
6639,2
6640,4
6641,5
6642,2
6643,7
6644,1
6645,2
6646,7
6647,7
6648,3
6649,6
6650,1
6651,6
6652,1
6653,1
6654,1
6655,2
6656,1
6657,1
6658,1
6659,1
6660,3
6661,2
6662,1
6663,4
6664,7
6665,4
6666,1
6667,4
6668,1
6669,1
6670,1
6671,5
6672,1
6673,1
6674,1
6675,6
6676,3
6677,1
6678,2
6679,2
6680,3
6681,1
6682,6
6683,1
6684,4
6685,1
6686,1
6687,1
6688,2
6689,1
6690,5
6691,1
6692,3
6693,5
6694,2
6695,4
6696,3
6697,1
6698,5
6699,1
6700,3
6701,4
6702,1
6703,1
6704,2
6705,5
6706,8
6707,2
6708,3
6709,7
6710,1
6711,1
6712,4
6713,5
6714,6
6715,2
6716,1
6717,2
6718,1
6719,1
6720,4
6721,1
6722,5
6723,2
6724,3
6725,1
6726,1
6727,1
6728,10
6729,5
6730,2
6731,1
6732,8
6733,1
6734,1
6735,2
6736,9
6737,1
6738,1
6739,8
6740,1
6741,1
6742,3
6743,6
6744,2
6745,16
6746,3
6747,1
6748,15
6749,2
6750,1
6751,2
6752,1
6753,1
6754,1
6755,2
6756,5
6757,3
6758,21
6759,1
6760,1
6761,1
6762,1
6763,1
6764,5
6765,7
6766,11
6767,1
6768,6
6769,1
6770,1
6771,6
6772,3
6773,1
6774,2
6775,1
6776,4
6777,2
6778,14
6779,1
6780,1
6781,2
6782,2
6783,1
6784,4
6785,6
6786,8
6787,5
6788,6
6789,2
6790,5
6791,1
6792,2
6793,1
6794,2
6795,1
6796,10
6797,1
6798,1
6799,2
6800,1
6801,1
6802,1
6803,2
6804,2
6805,5
6806,4
6807,2
6808,1
6809,1
6810,4
6811,1
6812,1
6813,5
6814,2
6815,1
6816,1
6817,8
6818,6
6819,4
6820,2
6821,2
6822,11
6823,10
6824,1
6825,5
6826,1
6827,1
6828,3
6829,2
6830,8
6831,1
6832,2
6833,8
6834,7
6835,1
6836,1
6837,3
6838,1
6839,10
6840,7
6841,1
6842,1
6843,1
6844,7
6845,1
6846,2
6847,2
6848,3
6849,1
6850,1
6851,8
6852,7
6853,5
6854,1
6855,1
6856,3
6857,1
6858,7
6859,3
6860,1
6861,7
6862,9
6863,1
6864,2
6865,1
6866,1
6867,1
6868,3
6869,10
6870,2
6871,1
6872,3
6873,1
6874,6
6875,2
6876,1
6877,1
6878,4
6879,1
6880,4
6881,1
6882,1
6883,2
6884,9
6885,8
6886,1
6887,1
6888,1
6889,2
6890,2
6891,7
6892,8
6893,1
6894,2
6895,7
6896,5
6897,1
6898,1
6899,2
6900,1
6901,1
6902,1
6903,3
6904,1
6905,1
6906,1
6907,5
6908,6
6909,2
6910,2
6911,11
6912,1
6913,1
6914,1
6915,1
6916,1
6917,7
6918,3
6919,2
6920,8
6921,1
6922,1
6923,3
6924,3
6925,1
6926,2
6927,3
6928,4
6929,3
6930,1
6931,1
6932,2
6933,1
6934,9
6935,2
6936,1
6937,4
6938,2
6939,1
6940,5
6941,6
6942,3
6943,1
6944,3
6945,4
6946,1
6947,1
6948,6
6949,1
6950,4
6951,2
6952,2
6953,1
6954,5
6955,1
6956,2
6957,3
6958,4
6959,9
6960,2
6961,2
6962,9
6963,3
6964,1
6965,1
6966,6
6967,1
6968,3
6969,2
6970,1
6971,3
6972,1
6973,2
6974,2
6975,2
6976,4
6977,5
6978,4
6979,1
6980,1
6981,2
6982,8
6983,5
6984,6
6985,1
6986,2
6987,2
6988,1
6989,1
6990,9
6991,1
6992,1
6993,1
6994,8
6995,3
6996,3
6997,7
6998,1
6999,3
7000,1
7001,1
7002,5
7003,4
7004,1
7005,1
7006,2
7007,1
7008,1
7009,1
7010,1
7011,5
7012,1
7013,1
7014,2
7015,6
7016,1
7017,1
7018,1
7019,4
7020,2
7021,5
7022,10
7023,5
7024,3
7025,2
7026,1
7027,12
7028,1
7029,1
7030,3
7031,1
7032,3
7033,3
7034,2
7035,5
7036,1
7037,2
7038,2
7039,3
7040,5
7041,2
7042,3
7043,1
7044,8
7045,1
7046,4
7047,1
7048,1
7049,2
7050,6
7051,2
7052,8
7053,2
7054,2
7055,1
7056,5
7057,1
7058,7
7059,7
7060,9
7061,2
7062,3
7063,5
7064,1
7065,3
7066,1
7067,2
7068,1
7069,1
7070,1
7071,2
7072,3
7073,1
7074,2
7075,1
7076,3
7077,3
7078,2
7079,4
7080,1
7081,4
7082,2
7083,2
7084,3
7085,1
7086,3
7087,3
7088,1
7089,1
7090,1
7091,8
7092,4
7093,1
7094,1
7095,3
7096,5
7097,1
7098,1
7099,7
7100,1
7101,1
7102,10
7103,3
7104,1
7105,1
7106,1
7107,1
7108,6
7109,2
7110,4
7111,8
7112,2
7113,1
7114,2
7115,7
7116,5
7117,1
7118,4
7119,3
7120,7
7121,1
7122,2
7123,6
7124,2
7125,2
7126,1
7127,1
7128,1
7129,9
7130,1
7131,2
7132,3
7133,1
7134,2
7135,4
7136,6
7137,3
7138,3
7139,1
7140,9
7141,1
7142,4
7143,1
7144,8
7145,4
7146,4
7147,1
7148,2
7149,3
7150,4
7151,1
7152,10
7153,7
7154,1
7155,5
7156,2
7157,2
7158,1
7159,3
7160,4
7161,2
7162,3
7163,4
7164,4
7165,1
7166,6
7167,2
7168,1
7169,1
7170,2
7171,7
7172,1
7173,4
7174,1
7175,2
7176,14
7177,4
7178,1
7179,2
7180,1
7181,2
7182,5
7183,4
7184,1
7185,8
7186,3
7187,1
7188,2
7189,3
7190,2
7191,2
7192,2
7193,1
7194,5
7195,2
7196,1
7197,4
7198,8
7199,9
7200,1
7201,1
7202,2
7203,1
7204,8
7205,1
7206,1
7207,2
7208,1
7209,5
7210,2
7211,1
7212,1
7213,2
7214,1
7215,3
7216,3
7217,4
7218,8
7219,7
7220,9
7221,1
7222,1
7223,1
7224,7
7225,11
7226,6
7227,1
7228,9
7229,2
7230,1
7231,2
7232,1
7233,2
7234,1
7235,2
7236,3
7237,6
7238,3
7239,2
7240,5
7241,7
7242,1
7243,2
7244,1
7245,1
7246,3
7247,6
7248,1
7249,5
7250,6
7251,7
7252,1
7253,7
7254,1
7255,2
7256,1
7257,1
7258,4
7259,2
7260,1
7261,1
7262,3
7263,1
7264,5
7265,1
7266,1
7267,1
7268,2
7269,1
7270,1
7271,10
7272,3
7273,1
7274,2
7275,6
7276,1
7277,1
7278,4
7279,3
7280,3
7281,1
7282,1
7283,3
7284,1
7285,2
7286,2
7287,1
7288,9
7289,6
7290,4
7291,1
7292,1
7293,2
7294,1
7295,11
7296,1
7297,2
7298,1
7299,3
7300,1
7301,2
7302,1
7303,7
7304,1
7305,7
7306,5
7307,1
7308,5
7309,1
7310,10
7311,2
7312,1
7313,1
7314,1
7315,14
7316,1
7317,3
7318,2
7319,9
7320,1
7321,2
7322,2
7323,4
7324,1
7325,1
7326,1
7327,4
7328,1
7329,3
7330,1
7331,6
7332,9
7333,2
7334,1
7335,1
7336,1
7337,1
7338,3
7339,2
7340,9
7341,2
7342,4
7343,2
7344,2
7345,1
7346,2
7347,2
7348,4
7349,8
7350,1
7351,1
7352,2
7353,2
7354,1
7355,4
7356,13
7357,9
7358,1
7359,6
7360,4
7361,2
7362,2
7363,6
7364,2
7365,1
7366,2
7367,3
7368,1
7369,7
7370,3
7371,3
7372,1
7373,3
7374,1
7375,1
7376,2
7377,2
7378,3
7379,1
7380,2
7381,1
7382,13
7383,2
7384,3
7385,1
7386,1
7387,11
7388,1
7389,2
7390,3
7391,1
7392,5
7393,2
7394,1
7395,1
7396,1
7397,7
7398,3
7399,1
7400,1
7401,4
7402,3
7403,2
7404,1
7405,1
7406,3
7407,11
7408,1
7409,3
7410,2
7411,2
7412,1
7413,5
7414,2
7415,2
7416,1
7417,1
7418,1
7419,4
7420,1
7421,4
7422,1
7423,2
7424,2
7425,1
7426,1
7427,1
7428,3
7429,3
7430,1
7431,2
7432,1
7433,1
7434,1
7435,7
7436,1
7437,1
7438,1
7439,1
7440,3
7441,1
7442,1
7443,3
7444,1
7445,4
7446,2
7447,1
7448,3
7449,1
7450,2
7451,2
7452,1
7453,3
7454,6
7455,20
7456,3
7457,2
7458,1
7459,1
7460,2
7461,1
7462,7
7463,1
7464,1
7465,1
7466,5
7467,3
7468,3
7469,1
7470,5
7471,1
7472,6
7473,2
7474,2
7475,2
7476,3
7477,1
7478,6
7479,2
7480,1
7481,1
7482,2
7483,2
7484,2
7485,3
7486,2
7487,10
7488,3
7489,5
7490,1
7491,2
7492,1
7493,3
7494,6
7495,1
7496,1
7497,6
7498,1
7499,3
7500,2
7501,5
7502,1
7503,1
7504,2
7505,9
7506,2
7507,1
7508,3
7509,8
7510,5
7511,16
7512,1
7513,1
7514,3
7515,5
7516,1
7517,1
7518,5
7519,1
7520,1
7521,2
7522,2
7523,4
7524,1
7525,3
7526,3
7527,2
7528,3
7529,1
7530,1
7531,1
7532,1
7533,2
7534,6
7535,4
7536,5
7537,1
7538,2
7539,2
7540,1
7541,1
7542,3
7543,14
7544,1
7545,1
7546,5
7547,1
7548,5
7549,4
7550,9
7551,2
7552,3
7553,2
7554,3
7555,2
7556,1
7557,2
7558,2
7559,5
7560,4
7561,3
7562,1
7563,4
7564,2
7565,7
7566,8
7567,1
7568,5
7569,1
7570,1
7571,2
7572,1
7573,4
7574,1
7575,1
7576,3
7577,4
7578,7
7579,4
7580,3
7581,2
7582,1
7583,1
7584,2
7585,3
7586,2
7587,4
7588,2
7589,1
7590,1
7591,5
7592,4
7593,7
7594,1
7595,14
7596,1
7597,1
7598,18
7599,1
7600,3
7601,1
7602,3
7603,7
7604,1
7605,3
7606,1
7607,3
7608,1
7609,1
7610,1
7611,1
7612,7
7613,2
7614,1
7615,2
7616,1
7617,4
7618,11
7619,2
7620,6
7621,3
7622,1
7623,4
7624,2
7625,3
7626,7
7627,2
7628,7
7629,4
7630,2
7631,3
7632,1
7633,12
7634,3
7635,1
7636,1
7637,3
7638,1
7639,1
7640,2
7641,1
7642,2
7643,1
7644,1
7645,4
7646,2
7647,1
7648,1
7649,3
7650,1
7651,1
7652,1
7653,5
7654,4
7655,4
7656,4
7657,3
7658,2
7659,3
7660,1
7661,3
7662,5
7663,2
7664,1
7665,1
7666,3
7667,4
7668,6
7669,1
7670,4
7671,2
7672,6
7673,2
7674,2
7675,3
7676,4
7677,10
7678,1
7679,1
7680,8
7681,2
7682,3
7683,2
7684,1
7685,4
7686,4
7687,1
7688,1
7689,5
7690,1
7691,6
7692,1
7693,3
7694,8
7695,3
7696,2
7697,4
7698,1
7699,1
7700,17
7701,4
7702,3
7703,1
7704,1
7705,1
7706,2
7707,4
7708,2
7709,6
7710,1
7711,1
7712,1
7713,2
7714,1
7715,9
7716,1
7717,8
7718,2
7719,13
7720,2
7721,8
7722,1
7723,4
7724,7
7725,1
7726,1
7727,2
7728,8
7729,2
7730,2
7731,1
7732,1
7733,5
7734,1
7735,3
7736,7
7737,1
7738,3
7739,1
7740,3
7741,1
7742,4
7743,1
7744,2
7745,3
7746,1
7747,4
7748,1
7749,3
7750,1
7751,3
7752,1
7753,2
7754,1
7755,4
7756,1
7757,6
7758,7
7759,1
7760,3
7761,1
7762,1
7763,4
7764,3
7765,3
7766,1
7767,1
7768,1
7769,4
7770,2
7771,4
7772,1
7773,1
7774,1
7775,1
7776,1
7777,5
7778,7
7779,2
7780,2
7781,1
7782,6
7783,1
7784,9
7785,2
7786,1
7787,8
7788,1
7789,3
7790,2
7791,1
7792,2
7793,3
7794,4
7795,1
7796,8
7797,1
7798,1
7799,1
7800,1
7801,1
7802,13
7803,1
7804,1
7805,1
7806,4
7807,6
7808,1
7809,1
7810,1
7811,1
7812,1
7813,2
7814,1
7815,2
7816,1
7817,8
7818,7
7819,3
7820,1
7821,1
7822,2
7823,4
7824,2
7825,6
7826,9
7827,1
7828,2
7829,1
7830,1
7831,2
7832,1
7833,6
7834,1
7835,2
7836,3
7837,4
7838,1
7839,6
7840,3
7841,2
7842,1
7843,2
7844,5
7845,3
7846,5
7847,2
7848,1
7849,1
7850,1
7851,4
7852,5
7853,1
7854,2
7855,2
7856,2
7857,1
7858,1
7859,1
7860,1
7861,1
7862,1
7863,3
7864,1
7865,11
7866,1
7867,1
7868,1
7869,1
7870,5
7871,1
7872,8
7873,7
7874,2
7875,2
7876,3
7877,1
7878,3
7879,1
7880,1
7881,2
7882,2
7883,7
7884,1
7885,5
7886,1
7887,2
7888,1
7889,2
7890,1
7891,2
7892,5
7893,2
7894,2
7895,6
7896,4
7897,2
7898,1
7899,6
7900,3
7901,1
7902,1
7903,5
7904,1
7905,15
7906,1
7907,5
7908,2
7909,2
7910,6
7911,2
7912,2
7913,1
7914,1
7915,1
7916,3
7917,1
7918,1
7919,2
7920,3
7921,4
7922,1
7923,1
7924,8
7925,1
7926,6
7927,6
7928,4
7929,1
7930,5
7931,4
7932,3
7933,1
7934,1
7935,1
7936,2
7937,3
7938,1
7939,2
7940,1
7941,3
7942,7
7943,1
7944,1
7945,1
7946,3
7947,4
7948,8
7949,1
7950,9
7951,1
7952,3
7953,1
7954,7
7955,2
7956,3
7957,5
7958,1
7959,1
7960,6
7961,1
7962,1
7963,2
7964,3
7965,1
7966,1
7967,1
7968,2
7969,7
7970,12
7971,3
7972,1
7973,7
7974,2
7975,1
7976,8
7977,4
7978,4
7979,4
7980,1
7981,1
7982,3
7983,1
7984,2
7985,5
7986,5
7987,2
7988,5
7989,5
7990,3
7991,1
7992,1
7993,1
7994,1
7995,1
7996,1
7997,2
7998,7
7999,1
8000,4
8001,3
8002,1
8003,8
8004,3
8005,1
8006,4
8007,1
8008,4
8009,1
8010,5
8011,2
8012,3
8013,1
8014,3
8015,4
8016,2
8017,3
8018,2
8019,7
8020,2
8021,6
8022,5
8023,2
8024,1
8025,2
8026,5
8027,1
8028,2
8029,5
8030,1
8031,3
8032,1
8033,1
8034,5
8035,1
8036,1
8037,6
8038,1
8039,11
8040,12
8041,1
8042,1
8043,4
8044,2
8045,1
8046,4
8047,1
8048,6
8049,1
8050,1
8051,1
8052,10
8053,4
8054,5
8055,2
8056,1
8057,1
8058,2
8059,2
8060,3
8061,1
8062,9
8063,1
8064,10
8065,1
8066,2
8067,1
8068,2
8069,3
8070,2
8071,2
8072,4
8073,3
8074,5
8075,1
8076,3
8077,3
8078,1
8079,2
8080,1
8081,1
8082,1
8083,1
8084,3
8085,3
8086,9
8087,4
8088,1
8089,6
8090,6
8091,2
8092,3
8093,11
8094,2
8095,7
8096,1
8097,1
8098,2
8099,3
8100,5
8101,13
8102,1
8103,1
8104,5
8105,3
8106,1
8107,2
8108,4
8109,4
8110,2
8111,1
8112,11
8113,3
8114,2
8115,1
8116,4
8117,1
8118,1
8119,2
8120,1
8121,3
8122,1
8123,3
8124,1
8125,1
8126,1
8127,8
8128,6
8129,1
8130,5
8131,3
8132,11
8133,1
8134,3
8135,1
8136,2
8137,10
8138,2
8139,1
8140,1
8141,4
8142,3
8143,1
8144,9
8145,1
8146,1
8147,8
8148,1
8149,1
8150,2
8151,5
8152,1
8153,9
8154,5
8155,1
8156,4
8157,1
8158,2
8159,5
8160,10
8161,1
8162,2
8163,2
8164,1
8165,1
8166,1
8167,3
8168,2
8169,1
8170,5
8171,5
8172,2
8173,1
8174,3
8175,1
8176,1
8177,4
8178,1
8179,1
8180,1
8181,1
8182,1
8183,16
8184,1
8185,1
8186,1
8187,8
8188,2
8189,1
8190,6
8191,2
8192,1
8193,1
8194,1
8195,1
8196,3
8197,1
8198,3
8199,1
8200,1
8201,2
8202,8
8203,1
8204,3
8205,1
8206,1
8207,1
8208,1
8209,1
8210,1
8211,4
8212,1
8213,2
8214,1
8215,2
8216,2
8217,1
8218,1
8219,4
8220,6
8221,1
8222,1
8223,7
8224,1
8225,2
8226,1
8227,1
8228,3
8229,2
8230,1
8231,2
8232,5
8233,3
8234,1
8235,2
8236,4
8237,5
8238,3
8239,1
8240,4
8241,3
8242,1
8243,2
8244,1
8245,3
8246,1
8247,3
8248,7
8249,5
8250,8
8251,12
8252,1
8253,3
8254,2
8255,6
8256,1
8257,12
8258,3
8259,5
8260,1
8261,1
8262,4
8263,1
8264,5
8265,1
8266,3
8267,1
8268,3
8269,4
8270,1
8271,1
8272,1
8273,3
8274,2
8275,4
8276,2
8277,2
8278,2
8279,1
8280,1
8281,11
8282,6
8283,1
8284,3
8285,6
8286,2
8287,1
8288,1
8289,2
8290,10
8291,4
8292,1
8293,1
8294,4
8295,6
8296,3
8297,3
8298,1
8299,5
8300,5
8301,1
8302,4
8303,1
8304,1
8305,1
8306,1
8307,1
8308,2
8309,2
8310,2
8311,1
8312,1
8313,3
8314,2
8315,1
8316,6
8317,4
8318,6
8319,2
8320,1
8321,4
8322,1
8323,2
8324,1
8325,5
8326,1
8327,7
8328,6
8329,2
8330,4
8331,3
8332,5
8333,2
8334,5
8335,2
8336,8
8337,2
8338,2
8339,5
8340,5
8341,2
8342,1
8343,2
8344,10
8345,4
8346,5
8347,1
8348,2
8349,3
8350,5
8351,1
8352,6
8353,2
8354,1
8355,1
8356,1
8357,2
8358,1
8359,1
8360,5
8361,1
8362,1
8363,2
8364,2
8365,4
8366,2
8367,5
8368,3
8369,1
8370,1
8371,2
8372,2
8373,4
8374,3
8375,1
8376,1
8377,1
8378,3
8379,2
8380,2
8381,1
8382,3
8383,6
8384,1
8385,2
8386,11
8387,1
8388,3
8389,1
8390,3
8391,1
8392,10
8393,4
8394,5
8395,4
8396,3
8397,2
8398,6
8399,9
8400,2
8401,8
8402,3
8403,2
8404,2
8405,1
8406,1
8407,1
8408,2
8409,1
8410,2
8411,12
8412,1
8413,2
8414,1
8415,1
8416,4
8417,3
8418,4
8419,1
8420,3
8421,1
8422,1
8423,1
8424,1
8425,1
8426,1
8427,13
8428,1
8429,1
8430,1
8431,3
8432,1
8433,6
8434,10
8435,1
8436,2
8437,1
8438,3
8439,2
8440,1
8441,1
8442,3
8443,2
8444,1
8445,4
8446,2
8447,6
8448,1
8449,5
8450,3
8451,1
8452,4
8453,2
8454,9
8455,1
8456,3
8457,1
8458,9
8459,1
8460,10
8461,7
8462,1
8463,5
8464,16
8465,1
8466,2
8467,2
8468,1
8469,1
8470,1
8471,1
8472,2
8473,1
8474,6
8475,4
8476,1
8477,3
8478,3
8479,9
8480,1
8481,1
8482,8
8483,8
8484,4
8485,4
8486,1
8487,2
8488,1
8489,1
8490,5
8491,1
8492,2
8493,8
8494,1
8495,11
8496,15
8497,2
8498,1
8499,1
8500,2
8501,1
8502,1
8503,11
8504,1
8505,4
8506,1
8507,3
8508,7
8509,1
8510,1
8511,3
8512,4
8513,3
8514,1
8515,1
8516,9
8517,8
8518,2
8519,6
8520,2
8521,2
8522,1
8523,2
8524,2
8525,1
8526,2
8527,5
8528,3
8529,3
8530,7
8531,1
8532,2
8533,5
8534,2
8535,1
8536,1
8537,7
8538,2
8539,6
8540,3
8541,3
8542,5
8543,3
8544,2
8545,2
8546,5
8547,1
8548,1
8549,1
8550,7
8551,1
8552,3
8553,2
8554,2
8555,3
8556,1
8557,3
8558,4
8559,5
8560,1
8561,7
8562,3
8563,6
8564,2
8565,2
8566,8
8567,7
8568,2
8569,1
8570,1
8571,1
8572,1
8573,1
8574,6
8575,1
8576,3
8577,1
8578,1
8579,1
8580,1
8581,4
8582,6
8583,1
8584,2
8585,2
8586,6
8587,4
8588,2
8589,3
8590,6
8591,1
8592,2
8593,7
8594,4
8595,2
8596,2
8597,1
8598,2
8599,3
8600,2
8601,4
8602,6
8603,1
8604,2
8605,2
8606,3
8607,1
8608,3
8609,6
8610,2
8611,7
8612,15
8613,1
8614,1
8615,9
8616,10
8617,1
8618,1
8619,1
8620,17
8621,1
8622,2
8623,6
8624,1
8625,3
8626,1
8627,6
8628,1
8629,3
8630,3
8631,1
8632,1
8633,2
8634,1
8635,5
8636,5
8637,2
8638,3
8639,3
8640,5
8641,2
8642,1
8643,1
8644,2
8645,2
8646,2
8647,1
8648,4
8649,1
8650,1
8651,2
8652,1
8653,3
8654,1
8655,2
8656,2
8657,1
8658,1
8659,6
8660,2
8661,2
8662,1
8663,2
8664,2
8665,2
8666,4
8667,1
8668,1
8669,5
8670,9
8671,1
8672,2
8673,1
8674,1
8675,1
8676,1
8677,4
8678,2
8679,1
8680,1
8681,5
8682,1
8683,3
8684,1
8685,3
8686,1
8687,1
8688,1
8689,1
8690,2
8691,3
8692,1
8693,1
8694,2
8695,3
8696,10
8697,3
8698,2
8699,3
8700,8
8701,5
8702,1
8703,1
8704,1
8705,2
8706,4
8707,2
8708,1
8709,4
8710,5
8711,1
8712,3
8713,2
8714,7
8715,6
8716,2
8717,4
8718,6
8719,2
8720,1
8721,4
8722,1
8723,1
8724,6
8725,4
8726,2
8727,1
8728,1
8729,1
8730,1
8731,4
8732,1
8733,2
8734,1
8735,12
8736,1
8737,1
8738,1
8739,3
8740,3
8741,2
8742,2
8743,1
8744,2
8745,2
8746,1
8747,1
8748,1
8749,1
8750,3
8751,1
8752,1
8753,1
8754,9
8755,6
8756,1
8757,1
8758,1
8759,2
8760,1
8761,3
8762,2
8763,7
8764,1
8765,5
8766,5
8767,1
8768,2
8769,1
8770,1
8771,1
8772,2
8773,2
8774,9
8775,1
8776,11
8777,1
8778,4
8779,1
8780,1
8781,6
8782,1
8783,3
8784,3
8785,2
8786,2
8787,4
8788,1
8789,3
8790,7
8791,1
8792,1
8793,4
8794,2
8795,2
8796,1
8797,2
8798,1
8799,2
8800,4
8801,1
8802,2
8803,14
8804,3
8805,6
8806,2
8807,4
8808,1
8809,1
8810,1
8811,2
8812,6
8813,1
8814,3
8815,4
8816,3
8817,1
8818,3
8819,1
8820,1
8821,15
8822,1
8823,1
8824,6
8825,1
8826,3
8827,1
8828,1
8829,1
8830,1
8831,2
8832,4
8833,2
8834,9
8835,1
8836,2
8837,3
8838,8
8839,1
8840,3
8841,6
8842,1
8843,6
8844,1
8845,4
8846,8
8847,3
8848,2
8849,1
8850,8
8851,2
8852,1
8853,4
8854,2
8855,1
8856,1
8857,1
8858,3
8859,3
8860,2
8861,5
8862,6
8863,3
8864,1
8865,4
8866,2
8867,3
8868,3
8869,1
8870,7
8871,1
8872,3
8873,1
8874,8
8875,1
8876,1
8877,1
8878,1
8879,1
8880,3
8881,2
8882,1
8883,1
8884,5
8885,4
8886,4
8887,4
8888,1
8889,1
8890,1
8891,5
8892,12
8893,2
8894,1
8895,1
8896,1
8897,3
8898,1
8899,9
8900,1
8901,7
8902,5
8903,4
8904,3
8905,3
8906,3
8907,3
8908,2
8909,13
8910,4
8911,5
8912,6
8913,1
8914,1
8915,2
8916,2
8917,5
8918,2
8919,3
8920,2
8921,1
8922,3
8923,5
8924,1
8925,3
8926,3
8927,1
8928,1
8929,12
8930,2
8931,1
8932,1
8933,3
8934,3
8935,3
8936,1
8937,7
8938,1
8939,1
8940,2
8941,1
8942,6
8943,8
8944,1
8945,6
8946,5
8947,8
8948,1
8949,3
8950,1
8951,5
8952,1
8953,2
8954,1
8955,1
8956,3
8957,6
8958,3
8959,6
8960,1
8961,2
8962,2
8963,1
8964,2
8965,3
8966,3
8967,4
8968,3
8969,1
8970,1
8971,3
8972,1
8973,1
8974,2
8975,2
8976,1
8977,4
8978,3
8979,1
8980,4
8981,3
8982,3
8983,2
8984,1
8985,4
8986,1
8987,9
8988,5
8989,3
8990,1
8991,1
8992,1
8993,2
8994,1
8995,2
8996,1
8997,11
8998,1
8999,8
9000,7
9001,2
9002,4
9003,2
9004,3
9005,1
9006,1
9007,3
9008,2
9009,3
9010,1
9011,1
9012,1
9013,1
9014,1
9015,1
9016,1
9017,5
9018,1
9019,3
9020,1
9021,6
9022,2
9023,1
9024,2
9025,1
9026,2
9027,1
9028,17
9029,2
9030,1
9031,4
9032,1
9033,5
9034,2
9035,4
9036,1
9037,6
9038,4
9039,1
9040,1
9041,1
9042,11
9043,1
9044,2
9045,1
9046,2
9047,3
9048,9
9049,2
9050,5
9051,2
9052,1
9053,1
9054,3
9055,9
9056,6
9057,1
9058,1
9059,1
9060,8
9061,6
9062,4
9063,1
9064,2
9065,2
9066,1
9067,2
9068,1
9069,1
9070,7
9071,4
9072,2
9073,2
9074,1
9075,4
9076,5
9077,4
9078,4
9079,1
9080,1
9081,2
9082,1
9083,4
9084,1
9085,1
9086,2
9087,12
9088,1
9089,3
9090,2
9091,1
9092,2
9093,4
9094,2
9095,6
9096,1
9097,1
9098,8
9099,1
9100,3
9101,5
9102,1
9103,4
9104,1
9105,1
9106,1
9107,5
9108,1
9109,4
9110,9
9111,2
9112,2
9113,2
9114,1
9115,2
9116,3
9117,13
9118,8
9119,6
9120,7
9121,2
9122,3
9123,7
9124,1
9125,10
9126,2
9127,3
9128,4
9129,9
9130,1
9131,4
9132,2
9133,1
9134,4
9135,2
9136,3
9137,1
9138,2
9139,3
9140,2
9141,1
9142,10
9143,2
9144,4
9145,2
9146,1
9147,2
9148,2
9149,2
9150,2
9151,2
9152,1
9153,2
9154,1
9155,1
9156,8
9157,3
9158,3
9159,2
9160,7
9161,3
9162,4
9163,1
9164,10
9165,5
9166,6
9167,1
9168,1
9169,1
9170,1
9171,6
9172,1
9173,1
9174,1
9175,1
9176,1
9177,5
9178,2
9179,1
9180,2
9181,2
9182,1
9183,3
9184,4
9185,4
9186,4
9187,1
9188,9
9189,5
9190,7
9191,1
9192,8
9193,5
9194,5
9195,1
9196,4
9197,10
9198,3
9199,3
9200,9
9201,2
9202,3
9203,2
9204,8
9205,1
9206,2
9207,3
9208,5
9209,3
9210,7
9211,9
9212,1
9213,2
9214,1
9215,1
9216,2
9217,7
9218,6
9219,1
9220,1
9221,3
9222,2
9223,1
9224,7
9225,8
9226,2
9227,7
9228,1
9229,4
9230,2
9231,1
9232,8
9233,2
9234,4
9235,1
9236,1
9237,1
9238,2
9239,4
9240,1
9241,4
9242,4
9243,4
9244,2
9245,7
9246,2
9247,2
9248,1
9249,1
9250,1
9251,3
9252,1
9253,1
9254,4
9255,1
9256,1
9257,1
9258,4
9259,1
9260,2
9261,2
9262,3
9263,3
9264,5
9265,1
9266,1
9267,1
9268,1
9269,1
9270,1
9271,2
9272,3
9273,1
9274,4
9275,1
9276,1
9277,2
9278,1
9279,1
9280,2
9281,9
9282,4
9283,1
9284,6
9285,4
9286,3
9287,5
9288,2
9289,1
9290,2
9291,2
9292,2
9293,2
9294,9
9295,7
9296,6
9297,5
9298,9
9299,1
9300,1
9301,2
9302,6
9303,2
9304,4
9305,1
9306,1
9307,4
9308,1
9309,1
9310,1
9311,1
9312,4
9313,1
9314,2
9315,1
9316,5
9317,1
9318,3
9319,4
9320,1
9321,6
9322,3
9323,2
9324,1
9325,9
9326,4
9327,1
9328,1
9329,5
9330,4
9331,4
9332,2
9333,4
9334,1
9335,1
9336,3
9337,11
9338,1
9339,2
9340,3
9341,2
9342,6
9343,4
9344,1
9345,19
9346,4
9347,6
9348,3
9349,6
9350,1
9351,1
9352,6
9353,1
9354,1
9355,5
9356,5
9357,1
9358,6
9359,3
9360,2
9361,5
9362,2
9363,1
9364,1
9365,2
9366,2
9367,5
9368,5
9369,3
9370,5
9371,1
9372,1
9373,6
9374,1
9375,1
9376,4
9377,2
9378,6
9379,1
9380,1
9381,1
9382,3
9383,1
9384,2
9385,6
9386,7
9387,1
9388,2
9389,2
9390,9
9391,20
9392,1
9393,4
9394,1
9395,1
9396,1
9397,2
9398,2
9399,1
9400,3
9401,1
9402,2
9403,1
9404,1
9405,2
9406,1
9407,2
9408,1
9409,2
9410,1
9411,3
9412,4
9413,1
9414,2
9415,1
9416,3
9417,1
9418,2
9419,2
9420,8
9421,2
9422,3
9423,2
9424,9
9425,5
9426,1
9427,6
9428,2
9429,5
9430,5
9431,1
9432,4
9433,1
9434,1
9435,1
9436,4
9437,1
9438,1
9439,4
9440,1
9441,1
9442,1
9443,1
9444,2
9445,1
9446,11
9447,4
9448,1
9449,1
9450,2
9451,3
9452,1
9453,1
9454,6
9455,1
9456,1
9457,6
9458,3
9459,1
9460,3
9461,1
9462,4
9463,2
9464,5
9465,9
9466,8
9467,7
9468,2
9469,1
9470,2
9471,4
9472,6
9473,1
9474,8
9475,5
9476,12
9477,6
9478,1
9479,1
9480,1
9481,1
9482,3
9483,5
9484,7
9485,3
9486,1
9487,1
9488,1
9489,1
9490,2
9491,1
9492,1
9493,1
9494,3
9495,2
9496,2
9497,2
9498,9
9499,1
9500,2
9501,4
9502,2
9503,8
9504,1
9505,2
9506,1
9507,3
9508,1
9509,1
9510,2
9511,2
9512,1
9513,4
9514,3
9515,1
9516,2
9517,4
9518,2
9519,2
9520,1
9521,3
9522,8
9523,3
9524,1
9525,2
9526,7
9527,1
9528,13
9529,9
9530,1
9531,8
9532,1
9533,6
9534,2
9535,2
9536,3
9537,4
9538,1
9539,3
9540,1
9541,1
9542,1
9543,2
9544,1
9545,1
9546,1
9547,1
9548,2
9549,9
9550,1
9551,9
9552,4
9553,3
9554,3
9555,5
9556,1
9557,2
9558,4
9559,3
9560,5
9561,1
9562,4
9563,2
9564,1
9565,1
9566,3
9567,7
9568,2
9569,5
9570,2
9571,1
9572,1
9573,1
9574,1
9575,1
9576,4
9577,4
9578,1
9579,1
9580,1
9581,2
9582,1
9583,1
9584,9
9585,5
9586,1
9587,2
9588,1
9589,5
9590,2
9591,1
9592,4
9593,2
9594,1
9595,1
9596,2
9597,1
9598,1
9599,2
9600,1
9601,4
9602,1
9603,1
9604,3
9605,4
9606,5
9607,2
9608,1
9609,4
9610,4
9611,1
9612,7
9613,1
9614,12
9615,6
9616,3
9617,8
9618,4
9619,1
9620,2
9621,1
9622,1
9623,4
9624,1
9625,1
9626,3
9627,6
9628,1
9629,1
9630,1
9631,4
9632,1
9633,3
9634,1
9635,1
9636,8
9637,1
9638,2
9639,1
9640,2
9641,2
9642,1
9643,1
9644,1
9645,3
9646,5
9647,2
9648,3
9649,1
9650,1
9651,1
9652,1
9653,1
9654,2
9655,2
9656,9
9657,1
9658,3
9659,5
9660,2
9661,1
9662,1
9663,1
9664,1
9665,4
9666,1
9667,1
9668,4
9669,5
9670,2
9671,4
9672,1
9673,1
9674,2
9675,3
9676,9
9677,1
9678,2
9679,1
9680,2
9681,1
9682,1
9683,5
9684,2
9685,2
9686,1
9687,1
9688,1
9689,5
9690,10
9691,2
9692,1
9693,6
9694,2
9695,2
9696,1
9697,4
9698,2
9699,5
9700,5
9701,1
9702,4
9703,5
9704,1
9705,1
9706,1
9707,2
9708,1
9709,2
9710,1
9711,6
9712,1
9713,1
9714,2
9715,2
9716,1
9717,1
9718,1
9719,4
9720,4
9721,2
9722,4
9723,4
9724,1
9725,10
9726,5
9727,1
9728,1
9729,1
9730,1
9731,4
9732,2
9733,5
9734,4
9735,3
9736,3
9737,1
9738,1
9739,3
9740,1
9741,1
9742,6
9743,3
9744,1
9745,3
9746,5
9747,1
9748,1
9749,8
9750,1
9751,1
9752,2
9753,4
9754,1
9755,1
9756,1
9757,14
9758,1
9759,3
9760,8
9761,1
9762,11
9763,9
9764,6
9765,1
9766,3
9767,4
9768,13
9769,1
9770,4
9771,1
9772,1
9773,2
9774,5
9775,2
9776,2
9777,16
9778,2
9779,3
9780,1
9781,1
9782,4
9783,8
9784,2
9785,4
9786,1
9787,1
9788,2
9789,1
9790,1
9791,2
9792,1
9793,1
9794,2
9795,3
9796,8
9797,3
9798,2
9799,8
9800,5
9801,1
9802,1
9803,3
9804,2
9805,5
9806,4
9807,3
9808,13
9809,2
9810,1
9811,5
9812,1
9813,5
9814,9
9815,4
9816,3
9817,2
9818,1
9819,1
9820,3
9821,4
9822,3
9823,1
9824,2
9825,5
9826,2
9827,2
9828,4
9829,3
9830,2
9831,7
9832,1
9833,16
9834,1
9835,1
9836,7
9837,1
9838,4
9839,5
9840,6
9841,14
9842,1
9843,4
9844,1
9845,2
9846,6
9847,1
9848,3
9849,2
9850,3
9851,11
9852,1
9853,3
9854,6
9855,2
9856,1
9857,2
9858,1
9859,1
9860,6
9861,2
9862,8
9863,5
9864,4
9865,1
9866,2
9867,1
9868,7
9869,1
9870,1
9871,2
9872,1
9873,1
9874,3
9875,1
9876,1
9877,1
9878,4
9879,2
9880,2
9881,3
9882,1
9883,8
9884,1
9885,3
9886,7
9887,5
9888,1
9889,1
9890,4
9891,1
9892,5
9893,4
9894,4
9895,1
9896,4
9897,3
9898,5
9899,1
9900,1
9901,1
9902,1
9903,2
9904,7
9905,1
9906,6
9907,1
9908,1
9909,1
9910,1
9911,7
9912,1
9913,3
9914,2
9915,8
9916,1
9917,1
9918,1
9919,2
9920,1
9921,6
9922,3
9923,3
9924,2
9925,1
9926,2
9927,23
9928,5
9929,7
9930,5
9931,1
9932,1
9933,1
9934,1
9935,1
9936,2
9937,3
9938,6
9939,4
9940,8
9941,1
9942,1
9943,3
9944,1
9945,1
9946,1
9947,1
9948,2
9949,2
9950,2
9951,3
9952,1
9953,1
9954,1
9955,1
9956,4
9957,4
9958,3
9959,1
9960,3
9961,3
9962,2
9963,2
9964,2
9965,3
9966,4
9967,1
9968,4
9969,1
9970,1
9971,11
9972,9
9973,1
9974,2
9975,1
9976,2
9977,5
9978,9
9979,3
9980,1
9981,3
9982,1
9983,7
9984,6
9985,2
9986,1
9987,1
9988,1
9989,5
9990,2
9991,1
9992,2
9993,5
9994,1
9995,6
9996,7
9997,9
9998,2
9999,1
